[2026-08-16 00:00:31,033] INFO billing.quota_gate [quota_gate] installed around run_audit_compat
System check identified some issues:

WARNINGS:
?: (drf_spectacular.W001) /home/ubuntu/tadgeeg-main-merge/apps/analytics/views.py: Warning [AnomalyDetectionView]: could not resolve request body for POST /api/v1/analytics/anomalies/detect/. Defaulting to generic free-form object. (Maybe annotate a Serializer class?)
?: (drf_spectacular.W001) /home/ubuntu/tadgeeg-main-merge/apps/analytics/views.py: Warning [AnomalyDetectionView]: could not resolve request body for POST /api/v1/analytics/detect-anomalies/. Defaulting to generic free-form object. (Maybe annotate a Serializer class?)
?: (drf_spectacular.W001) /home/ubuntu/tadgeeg-main-merge/apps/analytics/views.py: Warning [BenfordAnalysisView]: could not resolve request body for POST /api/v1/analytics/benford-analysis/. Defaulting to generic free-form object. (Maybe annotate a Serializer class?)
?: (drf_spectacular.W001) /home/ubuntu/tadgeeg-main-merge/apps/analytics/views.py: Warning [BenfordAnalysisView]: could not resolve request body for POST /api/v1/analytics/benford/. Defaulting to generic free-form object. (Maybe annotate a Serializer class?)
?: (drf_spectacular.W001) /home/ubuntu/tadgeeg-main-merge/apps/analytics/views.py: Warning [CashFlowForecastView]: could not resolve request body for POST /api/v1/analytics/forecast/cashflow/. Defaulting to generic free-form object. (Maybe annotate a Serializer class?)
?: (drf_spectacular.W001) /home/ubuntu/tadgeeg-main-merge/apps/analytics/views.py: Warning [FraudScoringView]: could not resolve request body for POST /api/v1/analytics/fraud/score/. Defaulting to generic free-form object. (Maybe annotate a Serializer class?)
?: (drf_spectacular.W001) /home/ubuntu/tadgeeg-main-merge/apps/analytics/views.py: Warning [NLQueryView]: could not resolve request body for POST /api/v1/analytics/query/. Defaulting to generic free-form object. (Maybe annotate a Serializer class?)
?: (drf_spectacular.W001) /home/ubuntu/tadgeeg-main-merge/apps/audit/views.py: Warning [AssignCaseView]: could not resolve request body for POST /api/v1/audit/cases/{id}/assign/. Defaulting to generic free-form object. (Maybe annotate a Serializer class?)
?: (drf_spectacular.W001) /home/ubuntu/tadgeeg-main-merge/apps/audit/views.py: Warning [AssignCaseView]: could not resolve request body for POST /api/v1/audit/{id}/assign/. Defaulting to generic free-form object. (Maybe annotate a Serializer class?)
?: (drf_spectacular.W001) /home/ubuntu/tadgeeg-main-merge/apps/audit/views.py: Warning [UpdateCaseStatusView]: could not resolve request body for PATCH /api/v1/audit/cases/{id}/status/. Defaulting to generic free-form object. (Maybe annotate a Serializer class?)
?: (drf_spectacular.W001) /home/ubuntu/tadgeeg-main-merge/apps/audit/views.py: Warning [UpdateCaseStatusView]: could not resolve request body for PATCH /api/v1/audit/{id}/update-status/. Defaulting to generic free-form object. (Maybe annotate a Serializer class?)
?: (drf_spectacular.W001) /home/ubuntu/tadgeeg-main-merge/apps/authentication/views.py: Warning [EmailOTPVerifyView]: could not resolve request body for POST /api/v1/auth/otp/verify/. Defaulting to generic free-form object. (Maybe annotate a Serializer class?)
?: (drf_spectacular.W001) /home/ubuntu/tadgeeg-main-merge/apps/authentication/views.py: Warning [GoogleLoginView]: could not resolve request body for POST /api/v1/auth/google/. Defaulting to generic free-form object. (Maybe annotate a Serializer class?)
?: (drf_spectacular.W001) /home/ubuntu/tadgeeg-main-merge/apps/authentication/views.py: Warning [MFALoginVerifyView]: could not resolve request body for POST /api/v1/auth/mfa/login-verify/. Defaulting to generic free-form object. (Maybe annotate a Serializer class?)
?: (drf_spectacular.W001) /home/ubuntu/tadgeeg-main-merge/apps/authentication/views.py: Warning [SetPasswordView]: could not resolve request body for POST /api/v1/auth/users/{id}/set-password/. Defaulting to generic free-form object. (Maybe annotate a Serializer class?)
?: (drf_spectacular.W001) /home/ubuntu/tadgeeg-main-merge/apps/compliance/views.py: Warning [ComplianceCheckView]: could not resolve request body for POST /api/v1/compliance/check/. Defaulting to generic free-form object. (Maybe annotate a Serializer class?)
?: (drf_spectacular.W001) /home/ubuntu/tadgeeg-main-merge/apps/compliance/views.py: Warning [ResolveComplianceViolationView]: could not resolve request body for POST /api/v1/compliance/violations/{id}/resolve/. Defaulting to generic free-form object. (Maybe annotate a Serializer class?)
?: (drf_spectacular.W001) /home/ubuntu/tadgeeg-main-merge/apps/documents/phase2_views.py: Warning [CashVoucherListView]: Failed to obtain model through view's queryset due to raised exception. Prevent this either by setting "queryset = Model.objects.none()" on the view, checking for "getattr(self, "swagger_fake_view", False)" in get_queryset() or by simply using @extend_schema. (Exception: 'AnonymousUser' object has no attribute 'organization')
?: (drf_spectacular.W001) /home/ubuntu/tadgeeg-main-merge/apps/documents/phase2_views.py: Warning [ContractListView]: Failed to obtain model through view's queryset due to raised exception. Prevent this either by setting "queryset = Model.objects.none()" on the view, checking for "getattr(self, "swagger_fake_view", False)" in get_queryset() or by simply using @extend_schema. (Exception: 'AnonymousUser' object has no attribute 'organization')
?: (drf_spectacular.W001) /home/ubuntu/tadgeeg-main-merge/apps/documents/phase2_views.py: Warning [CustomerStatementListView]: Failed to obtain model through view's queryset due to raised exception. Prevent this either by setting "queryset = Model.objects.none()" on the view, checking for "getattr(self, "swagger_fake_view", False)" in get_queryset() or by simply using @extend_schema. (Exception: 'AnonymousUser' object has no attribute 'organization')
?: (drf_spectacular.W001) /home/ubuntu/tadgeeg-main-merge/apps/documents/phase2_views.py: Warning [GeneralLedgerListView]: Failed to obtain model through view's queryset due to raised exception. Prevent this either by setting "queryset = Model.objects.none()" on the view, checking for "getattr(self, "swagger_fake_view", False)" in get_queryset() or by simply using @extend_schema. (Exception: 'AnonymousUser' object has no attribute 'organization')
?: (drf_spectacular.W001) /home/ubuntu/tadgeeg-main-merge/apps/documents/phase2_views.py: Warning [JournalEntryListView]: Failed to obtain model through view's queryset due to raised exception. Prevent this either by setting "queryset = Model.objects.none()" on the view, checking for "getattr(self, "swagger_fake_view", False)" in get_queryset() or by simply using @extend_schema. (Exception: 'AnonymousUser' object has no attribute 'organization')
?: (drf_spectacular.W001) /home/ubuntu/tadgeeg-main-merge/apps/documents/phase2_views.py: Warning [LedgerListView]: Failed to obtain model through view's queryset due to raised exception. Prevent this either by setting "queryset = Model.objects.none()" on the view, checking for "getattr(self, "swagger_fake_view", False)" in get_queryset() or by simply using @extend_schema. (Exception: 'AnonymousUser' object has no attribute 'organization')
?: (drf_spectacular.W001) /home/ubuntu/tadgeeg-main-merge/apps/documents/phase2_views.py: Warning [ProformaInvoiceListView]: Failed to obtain model through view's queryset due to raised exception. Prevent this either by setting "queryset = Model.objects.none()" on the view, checking for "getattr(self, "swagger_fake_view", False)" in get_queryset() or by simply using @extend_schema. (Exception: 'AnonymousUser' object has no attribute 'organization')
?: (drf_spectacular.W001) /home/ubuntu/tadgeeg-main-merge/apps/documents/phase2_views.py: Warning [QuotationListView]: Failed to obtain model through view's queryset due to raised exception. Prevent this either by setting "queryset = Model.objects.none()" on the view, checking for "getattr(self, "swagger_fake_view", False)" in get_queryset() or by simply using @extend_schema. (Exception: 'AnonymousUser' object has no attribute 'organization')
?: (drf_spectacular.W001) /home/ubuntu/tadgeeg-main-merge/apps/documents/phase2_views.py: Warning [ReceiptVoucherListView]: Failed to obtain model through view's queryset due to raised exception. Prevent this either by setting "queryset = Model.objects.none()" on the view, checking for "getattr(self, "swagger_fake_view", False)" in get_queryset() or by simply using @extend_schema. (Exception: 'AnonymousUser' object has no attribute 'organization')
?: (drf_spectacular.W001) /home/ubuntu/tadgeeg-main-merge/apps/documents/phase2_views.py: Warning [SalesOrderListView]: Failed to obtain model through view's queryset due to raised exception. Prevent this either by setting "queryset = Model.objects.none()" on the view, checking for "getattr(self, "swagger_fake_view", False)" in get_queryset() or by simply using @extend_schema. (Exception: 'AnonymousUser' object has no attribute 'organization')
?: (drf_spectacular.W001) /home/ubuntu/tadgeeg-main-merge/apps/documents/phase2_views.py: Warning [SupplierStatementListView]: Failed to obtain model through view's queryset due to raised exception. Prevent this either by setting "queryset = Model.objects.none()" on the view, checking for "getattr(self, "swagger_fake_view", False)" in get_queryset() or by simply using @extend_schema. (Exception: 'AnonymousUser' object has no attribute 'organization')
?: (drf_spectacular.W001) /home/ubuntu/tadgeeg-main-merge/apps/documents/serializers.py: Warning [DocumentAnalysisResultView > DocumentAnalysisResultSerializer]: unable to resolve type hint for function "get_anomaly_explanation". Consider using a type hint or @extend_schema_field. Defaulting to string.
?: (drf_spectacular.W001) /home/ubuntu/tadgeeg-main-merge/apps/documents/serializers.py: Warning [DocumentAnalysisResultView > DocumentAnalysisResultSerializer]: unable to resolve type hint for function "get_anomaly_findings". Consider using a type hint or @extend_schema_field. Defaulting to string.
?: (drf_spectacular.W001) /home/ubuntu/tadgeeg-main-merge/apps/documents/serializers.py: Warning [DocumentAnalysisResultView > DocumentAnalysisResultSerializer]: unable to resolve type hint for function "get_anomaly_methods". Consider using a type hint or @extend_schema_field. Defaulting to string.
?: (drf_spectacular.W001) /home/ubuntu/tadgeeg-main-merge/apps/documents/serializers.py: Warning [DocumentAnalysisResultView > DocumentAnalysisResultSerializer]: unable to resolve type hint for function "get_anomaly_score". Consider using a type hint or @extend_schema_field. Defaulting to string.
?: (drf_spectacular.W001) /home/ubuntu/tadgeeg-main-merge/apps/documents/serializers.py: Warning [DocumentAnalysisResultView > DocumentAnalysisResultSerializer]: unable to resolve type hint for function "get_compliance_issues". Consider using a type hint or @extend_schema_field. Defaulting to string.
?: (drf_spectacular.W001) /home/ubuntu/tadgeeg-main-merge/apps/documents/serializers.py: Warning [DocumentAnalysisResultView > DocumentAnalysisResultSerializer]: unable to resolve type hint for function "get_compliance_violations". Consider using a type hint or @extend_schema_field. Defaulting to string.
?: (drf_spectacular.W001) /home/ubuntu/tadgeeg-main-merge/apps/documents/serializers.py: Warning [DocumentAnalysisResultView > DocumentAnalysisResultSerializer]: unable to resolve type hint for function "get_duplicate_reasons". Consider using a type hint or @extend_schema_field. Defaulting to string.
?: (drf_spectacular.W001) /home/ubuntu/tadgeeg-main-merge/apps/documents/serializers.py: Warning [DocumentAnalysisResultView > DocumentAnalysisResultSerializer]: unable to resolve type hint for function "get_fraud_patterns". Consider using a type hint or @extend_schema_field. Defaulting to string.
?: (drf_spectacular.W001) /home/ubuntu/tadgeeg-main-merge/apps/documents/serializers.py: Warning [DocumentAnalysisResultView > DocumentAnalysisResultSerializer]: unable to resolve type hint for function "get_missing_fields". Consider using a type hint or @extend_schema_field. Defaulting to string.
?: (drf_spectacular.W001) /home/ubuntu/tadgeeg-main-merge/apps/documents/serializers.py: Warning [DocumentAnalysisResultView > DocumentAnalysisResultSerializer]: unable to resolve type hint for function "get_rule_results". Consider using a type hint or @extend_schema_field. Defaulting to string.
?: (drf_spectacular.W001) /home/ubuntu/tadgeeg-main-merge/apps/documents/serializers.py: Warning [DocumentDetailView > DocumentSerializer]: unable to resolve type hint for function "get_analysis_summary". Consider using a type hint or @extend_schema_field. Defaulting to string.
?: (drf_spectacular.W001) /home/ubuntu/tadgeeg-main-merge/apps/documents/serializers.py: Warning [DocumentDetailView > DocumentSerializer]: unable to resolve type hint for function "get_file". Consider using a type hint or @extend_schema_field. Defaulting to string.
?: (drf_spectacular.W001) /home/ubuntu/tadgeeg-main-merge/apps/documents/serializers.py: Warning [DocumentDetailView > DocumentSerializer]: unable to resolve type hint for function "get_uploaded_by_name". Consider using a type hint or @extend_schema_field. Defaulting to string.
?: (drf_spectacular.W001) /home/ubuntu/tadgeeg-main-merge/apps/documents/serializers.py: Warning [DocumentListView > DocumentListSerializer]: unable to resolve type hint for function "get_has_analysis". Consider using a type hint or @extend_schema_field. Defaulting to string.
?: (drf_spectacular.W001) /home/ubuntu/tadgeeg-main-merge/apps/documents/serializers.py: Warning [DocumentListView > DocumentListSerializer]: unable to resolve type hint for function "get_uploaded_by_name". Consider using a type hint or @extend_schema_field. Defaulting to string.
?: (drf_spectacular.W001) /home/ubuntu/tadgeeg-main-merge/apps/documents/typed_views.py: Warning [BankStatementListView]: Failed to obtain model through view's queryset due to raised exception. Prevent this either by setting "queryset = Model.objects.none()" on the view, checking for "getattr(self, "swagger_fake_view", False)" in get_queryset() or by simply using @extend_schema. (Exception: 'AnonymousUser' object has no attribute 'organization')
?: (drf_spectacular.W001) /home/ubuntu/tadgeeg-main-merge/apps/documents/typed_views.py: Warning [ExpenseReportListView]: Failed to obtain model through view's queryset due to raised exception. Prevent this either by setting "queryset = Model.objects.none()" on the view, checking for "getattr(self, "swagger_fake_view", False)" in get_queryset() or by simply using @extend_schema. (Exception: 'AnonymousUser' object has no attribute 'organization')
?: (drf_spectacular.W001) /home/ubuntu/tadgeeg-main-merge/apps/documents/typed_views.py: Warning [FixedAssetListView]: Failed to obtain model through view's queryset due to raised exception. Prevent this either by setting "queryset = Model.objects.none()" on the view, checking for "getattr(self, "swagger_fake_view", False)" in get_queryset() or by simply using @extend_schema. (Exception: 'AnonymousUser' object has no attribute 'organization')
?: (drf_spectacular.W001) /home/ubuntu/tadgeeg-main-merge/apps/documents/typed_views.py: Warning [PayrollListView]: Failed to obtain model through view's queryset due to raised exception. Prevent this either by setting "queryset = Model.objects.none()" on the view, checking for "getattr(self, "swagger_fake_view", False)" in get_queryset() or by simply using @extend_schema. (Exception: 'AnonymousUser' object has no attribute 'organization')
?: (drf_spectacular.W001) /home/ubuntu/tadgeeg-main-merge/apps/documents/typed_views.py: Warning [PurchaseOrderApproveView]: could not resolve request body for POST /api/v1/documents/purchase-orders/{id}/approve/. Defaulting to generic free-form object. (Maybe annotate a Serializer class?)
?: (drf_spectacular.W001) /home/ubuntu/tadgeeg-main-merge/apps/documents/typed_views.py: Warning [PurchaseOrderListView]: Failed to obtain model through view's queryset due to raised exception. Prevent this either by setting "queryset = Model.objects.none()" on the view, checking for "getattr(self, "swagger_fake_view", False)" in get_queryset() or by simply using @extend_schema. (Exception: 'AnonymousUser' object has no attribute 'organization')
?: (drf_spectacular.W001) /home/ubuntu/tadgeeg-main-merge/apps/documents/typed_views.py: Warning [SalesReceiptListView]: Failed to obtain model through view's queryset due to raised exception. Prevent this either by setting "queryset = Model.objects.none()" on the view, checking for "getattr(self, "swagger_fake_view", False)" in get_queryset() or by simply using @extend_schema. (Exception: 'AnonymousUser' object has no attribute 'organization')
?: (drf_spectacular.W001) /home/ubuntu/tadgeeg-main-merge/apps/documents/typed_views.py: Warning [TypedDocumentUploadView]: could not resolve request body for POST /api/v1/documents/upload/typed/. Defaulting to generic free-form object. (Maybe annotate a Serializer class?)
?: (drf_spectacular.W001) /home/ubuntu/tadgeeg-main-merge/apps/documents/typed_views.py: Warning [VATReturnListView]: Failed to obtain model through view's queryset due to raised exception. Prevent this either by setting "queryset = Model.objects.none()" on the view, checking for "getattr(self, "swagger_fake_view", False)" in get_queryset() or by simply using @extend_schema. (Exception: 'AnonymousUser' object has no attribute 'organization')
?: (drf_spectacular.W001) /home/ubuntu/tadgeeg-main-merge/apps/documents/views.py: Warning [DocumentAnalyseView]: could not resolve request body for POST /api/v1/documents/{id}/analyse/. Defaulting to generic free-form object. (Maybe annotate a Serializer class?)
?: (drf_spectacular.W001) /home/ubuntu/tadgeeg-main-merge/apps/documents/views.py: Warning [DocumentProcessView]: could not resolve request body for POST /api/v1/documents/{id}/process/. Defaulting to generic free-form object. (Maybe annotate a Serializer class?)
?: (drf_spectacular.W001) /home/ubuntu/tadgeeg-main-merge/apps/documents/views.py: Warning [DocumentValidateView]: could not resolve request body for PATCH /api/v1/documents/{id}/validate/. Defaulting to generic free-form object. (Maybe annotate a Serializer class?)
?: (drf_spectacular.W001) /home/ubuntu/tadgeeg-main-merge/apps/invoices/serializers.py: Warning [InvoiceDetailView > InvoiceDetailSerializer]: unable to resolve type hint for function "get_audit_available". Consider using a type hint or @extend_schema_field. Defaulting to string.
?: (drf_spectacular.W001) /home/ubuntu/tadgeeg-main-merge/apps/invoices/serializers.py: Warning [InvoiceDetailView > InvoiceDetailSerializer]: unable to resolve type hint for function "get_audit_status". Consider using a type hint or @extend_schema_field. Defaulting to string.
?: (drf_spectacular.W001) /home/ubuntu/tadgeeg-main-merge/apps/invoices/serializers.py: Warning [InvoiceDetailView > InvoiceDetailSerializer]: unable to resolve type hint for function "get_blocking_failures". Consider using a type hint or @extend_schema_field. Defaulting to string.
?: (drf_spectacular.W001) /home/ubuntu/tadgeeg-main-merge/apps/invoices/serializers.py: Warning [InvoiceDetailView > InvoiceDetailSerializer]: unable to resolve type hint for function "get_blocks_approval". Consider using a type hint or @extend_schema_field. Defaulting to string.
?: (drf_spectacular.W001) /home/ubuntu/tadgeeg-main-merge/apps/invoices/serializers.py: Warning [InvoiceDetailView > InvoiceDetailSerializer]: unable to resolve type hint for function "get_file". Consider using a type hint or @extend_schema_field. Defaulting to string.
?: (drf_spectacular.W001) /home/ubuntu/tadgeeg-main-merge/apps/invoices/serializers.py: Warning [InvoiceDetailView > InvoiceDetailSerializer]: unable to resolve type hint for function "get_requires_manual_review". Consider using a type hint or @extend_schema_field. Defaulting to string.
?: (drf_spectacular.W001) /home/ubuntu/tadgeeg-main-merge/apps/invoices/serializers.py: Warning [InvoiceListView > InvoiceListSerializer]: unable to resolve type hint for function "get_audit_available". Consider using a type hint or @extend_schema_field. Defaulting to string.
?: (drf_spectacular.W001) /home/ubuntu/tadgeeg-main-merge/apps/invoices/serializers.py: Warning [InvoiceListView > InvoiceListSerializer]: unable to resolve type hint for function "get_audit_status". Consider using a type hint or @extend_schema_field. Defaulting to string.
?: (drf_spectacular.W001) /home/ubuntu/tadgeeg-main-merge/apps/invoices/serializers.py: Warning [InvoiceListView > InvoiceListSerializer]: unable to resolve type hint for function "get_blocking_failures". Consider using a type hint or @extend_schema_field. Defaulting to string.
?: (drf_spectacular.W001) /home/ubuntu/tadgeeg-main-merge/apps/invoices/serializers.py: Warning [InvoiceListView > InvoiceListSerializer]: unable to resolve type hint for function "get_blocks_approval". Consider using a type hint or @extend_schema_field. Defaulting to string.
?: (drf_spectacular.W001) /home/ubuntu/tadgeeg-main-merge/apps/invoices/serializers.py: Warning [InvoiceListView > InvoiceListSerializer]: unable to resolve type hint for function "get_requires_manual_review". Consider using a type hint or @extend_schema_field. Defaulting to string.
?: (drf_spectacular.W001) /home/ubuntu/tadgeeg-main-merge/apps/invoices/views.py: Warning [InvoiceApproveView]: could not resolve request body for POST /api/v1/invoices/{id}/approve/. Defaulting to generic free-form object. (Maybe annotate a Serializer class?)
?: (drf_spectacular.W001) /home/ubuntu/tadgeeg-main-merge/apps/invoices/views.py: Warning [InvoiceApproveView]: could not resolve request body for POST /invoices/{id}/approve/. Defaulting to generic free-form object. (Maybe annotate a Serializer class?)
?: (drf_spectacular.W001) /home/ubuntu/tadgeeg-main-merge/apps/invoices/views.py: Warning [InvoiceBulkActionView]: could not resolve request body for POST /api/v1/invoices/bulk/. Defaulting to generic free-form object. (Maybe annotate a Serializer class?)
?: (drf_spectacular.W001) /home/ubuntu/tadgeeg-main-merge/apps/invoices/views.py: Warning [InvoiceBulkActionView]: could not resolve request body for POST /invoices/bulk/. Defaulting to generic free-form object. (Maybe annotate a Serializer class?)
?: (drf_spectacular.W001) /home/ubuntu/tadgeeg-main-merge/apps/invoices/views.py: Warning [InvoiceEscalateView]: could not resolve request body for POST /api/v1/invoices/{id}/escalate/. Defaulting to generic free-form object. (Maybe annotate a Serializer class?)
?: (drf_spectacular.W001) /home/ubuntu/tadgeeg-main-merge/apps/invoices/views.py: Warning [InvoiceEscalateView]: could not resolve request body for POST /invoices/{id}/escalate/. Defaulting to generic free-form object. (Maybe annotate a Serializer class?)
?: (drf_spectacular.W001) /home/ubuntu/tadgeeg-main-merge/apps/invoices/views.py: Warning [InvoiceManualReviewView]: could not resolve request body for POST /api/v1/invoices/{id}/review/. Defaulting to generic free-form object. (Maybe annotate a Serializer class?)
?: (drf_spectacular.W001) /home/ubuntu/tadgeeg-main-merge/apps/invoices/views.py: Warning [InvoiceManualReviewView]: could not resolve request body for POST /invoices/{id}/review/. Defaulting to generic free-form object. (Maybe annotate a Serializer class?)
?: (drf_spectacular.W001) /home/ubuntu/tadgeeg-main-merge/apps/invoices/views.py: Warning [InvoiceUploadView]: could not resolve request body for POST /api/v1/invoices/upload/. Defaulting to generic free-form object. (Maybe annotate a Serializer class?)
?: (drf_spectacular.W001) /home/ubuntu/tadgeeg-main-merge/apps/reports/views.py: Warning [GenerateAuditReportView]: could not resolve request body for POST /api/v1/reports/generate/. Defaulting to generic free-form object. (Maybe annotate a Serializer class?)
?: (drf_spectacular.W001) /home/ubuntu/tadgeeg-main-merge/apps/rule_engine/serializers/audit_run_serializers.py: Warning [AuditRunListView > AuditRunSummarySerializer > AuditResultSerializer > ManualReviewDecisionSerializer]: unable to resolve type hint for function "get_reviewer_name". Consider using a type hint or @extend_schema_field. Defaulting to string.
?: (drf_spectacular.W001) /home/ubuntu/tadgeeg-main-merge/apps/rule_engine/serializers/audit_run_serializers.py: Warning [AuditRunListView > AuditRunSummarySerializer > AuditResultSerializer]: unable to resolve type hint for function "get_rule_name_ar". Consider using a type hint or @extend_schema_field. Defaulting to string.
?: (drf_spectacular.W001) /home/ubuntu/tadgeeg-main-merge/apps/rule_engine/serializers/audit_run_serializers.py: Warning [AuditRunListView > AuditRunSummarySerializer > AuditResultSerializer]: unable to resolve type hint for function "get_rule_name_en". Consider using a type hint or @extend_schema_field. Defaulting to string.
?: (drf_spectacular.W001) /home/ubuntu/tadgeeg-main-merge/apps/rule_engine/serializers/audit_run_serializers.py: Warning [AuditRunListView > AuditRunSummarySerializer > AuditResultSerializer]: unable to resolve type hint for function "get_suggested_action_ar". Consider using a type hint or @extend_schema_field. Defaulting to string.
?: (drf_spectacular.W001) /home/ubuntu/tadgeeg-main-merge/apps/rule_engine/serializers/audit_run_serializers.py: Warning [AuditRunListView > AuditRunSummarySerializer]: unable to resolve type hint for function "get_anomaly_explanation". Consider using a type hint or @extend_schema_field. Defaulting to string.
?: (drf_spectacular.W001) /home/ubuntu/tadgeeg-main-merge/apps/rule_engine/serializers/audit_run_serializers.py: Warning [AuditRunListView > AuditRunSummarySerializer]: unable to resolve type hint for function "get_anomaly_score". Consider using a type hint or @extend_schema_field. Defaulting to string.
?: (drf_spectacular.W001) /home/ubuntu/tadgeeg-main-merge/apps/rule_engine/serializers/audit_run_serializers.py: Warning [AuditRunListView > AuditRunSummarySerializer]: unable to resolve type hint for function "get_failed_blocking". Consider using a type hint or @extend_schema_field. Defaulting to string.
?: (drf_spectacular.W001) /home/ubuntu/tadgeeg-main-merge/apps/rule_engine/serializers/audit_run_serializers.py: Warning [AuditRunListView > AuditRunSummarySerializer]: unable to resolve type hint for function "get_pass_rate". Consider using a type hint or @extend_schema_field. Defaulting to string.
?: (drf_spectacular.W001) /home/ubuntu/tadgeeg-main-merge/apps/rule_engine/serializers/audit_run_serializers.py: Warning [AuditRunListView > AuditRunSummarySerializer]: unable to resolve type hint for function "get_top_failures". Consider using a type hint or @extend_schema_field. Defaulting to string.
?: (drf_spectacular.W001) /home/ubuntu/tadgeeg-main-merge/apps/rule_engine/serializers/audit_run_serializers.py: Warning [HighRiskDocumentsView > RiskScoreSummarySerializer]: unable to resolve type hint for function "get_anomaly_explanation". Consider using a type hint or @extend_schema_field. Defaulting to string.
?: (drf_spectacular.W001) /home/ubuntu/tadgeeg-main-merge/apps/rule_engine/serializers/audit_run_serializers.py: Warning [HighRiskDocumentsView > RiskScoreSummarySerializer]: unable to resolve type hint for function "get_anomaly_score". Consider using a type hint or @extend_schema_field. Defaulting to string.
?: (drf_spectacular.W001) /home/ubuntu/tadgeeg-main-merge/apps/rule_engine/serializers/audit_run_serializers.py: Warning [RuleLibraryView > RuleDefinitionSerializer]: unable to resolve type hint for function "get_name_ar". Consider using a type hint or @extend_schema_field. Defaulting to string.
?: (drf_spectacular.W001) /home/ubuntu/tadgeeg-main-merge/apps/rule_engine/serializers/audit_run_serializers.py: Warning [RuleLibraryView > RuleDefinitionSerializer]: unable to resolve type hint for function "get_name_en". Consider using a type hint or @extend_schema_field. Defaulting to string.
?: (drf_spectacular.W001) /home/ubuntu/tadgeeg-main-merge/apps/transactions/serializers.py: Warning [JournalEntryListView > JournalEntrySerializer]: Encountered 2 components with identical names "JournalEntry" and different identities <class 'apps.transactions.serializers.JournalEntrySerializer'> and <class 'apps.documents.phase2_views.JournalEntrySerializer'>. This will very likely result in an incorrect schema. Try renaming one.
?: (drf_spectacular.W001) /home/ubuntu/tadgeeg-main-merge/apps/transactions/views.py: Warning [BulkImportView]: could not resolve request body for POST /api/v1/transactions/bulk-import/. Defaulting to generic free-form object. (Maybe annotate a Serializer class?)
?: (drf_spectacular.W001) Warning: encountered multiple names for the same choice set (DefaultSeverityEnum). This may be unwanted even though the generated schema is technically correct. Add an entry to ENUM_NAME_OVERRIDES to fix the naming.
?: (drf_spectacular.W001) Warning: encountered multiple names for the same choice set (RiskLevelEnum). This may be unwanted even though the generated schema is technically correct. Add an entry to ENUM_NAME_OVERRIDES to fix the naming.
?: (drf_spectacular.W001) Warning: enum naming encountered a non-optimally resolvable collision for fields named "approval_status". The same name has been used for multiple choice sets in multiple components. The collision was resolved with "ApprovalStatus0a5Enum". add an entry to ENUM_NAME_OVERRIDES to fix the naming.
?: (drf_spectacular.W001) Warning: enum naming encountered a non-optimally resolvable collision for fields named "currency". The same name has been used for multiple choice sets in multiple components. The collision was resolved with "Currency65bEnum". add an entry to ENUM_NAME_OVERRIDES to fix the naming.
?: (drf_spectacular.W001) Warning: enum naming encountered a non-optimally resolvable collision for fields named "status". The same name has been used for multiple choice sets in multiple components. The collision was resolved with "Status1b4Enum". add an entry to ENUM_NAME_OVERRIDES to fix the naming.
?: (drf_spectacular.W001) Warning: enum naming encountered a non-optimally resolvable collision for fields named "status". The same name has been used for multiple choice sets in multiple components. The collision was resolved with "Status844Enum". add an entry to ENUM_NAME_OVERRIDES to fix the naming.
?: (drf_spectacular.W001) Warning: enum naming encountered a non-optimally resolvable collision for fields named "status". The same name has been used for multiple choice sets in multiple components. The collision was resolved with "Status88eEnum". add an entry to ENUM_NAME_OVERRIDES to fix the naming.
?: (drf_spectacular.W001) Warning: enum naming encountered a non-optimally resolvable collision for fields named "status". The same name has been used for multiple choice sets in multiple components. The collision was resolved with "Status90bEnum". add an entry to ENUM_NAME_OVERRIDES to fix the naming.
?: (drf_spectacular.W001) Warning: operationId "api_platform_admin_cms_pages_retrieve" has collisions [('/api/platform-admin/cms/pages/', 'get'), ('/api/platform-admin/cms/pages/{slug}/', 'get')]. resolving with numeral suffixes.
?: (drf_spectacular.W001) Warning: operationId "api_platform_admin_leads_retrieve" has collisions [('/api/platform-admin/leads/', 'get'), ('/api/platform-admin/leads/{id}/', 'get')]. resolving with numeral suffixes.
?: (drf_spectacular.W001) Warning: operationId "api_platform_admin_organizations_retrieve" has collisions [('/api/platform-admin/organizations/', 'get'), ('/api/platform-admin/organizations/{id}/', 'get')]. resolving with numeral suffixes.
?: (drf_spectacular.W001) Warning: operationId "api_platform_admin_partner_applications_retrieve" has collisions [('/api/platform-admin/partner-applications/', 'get'), ('/api/platform-admin/partner-applications/{id}/', 'get')]. resolving with numeral suffixes.
?: (drf_spectacular.W001) Warning: operationId "api_platform_admin_partners_retrieve" has collisions [('/api/platform-admin/partners/', 'get'), ('/api/platform-admin/partners/{id}/', 'get')]. resolving with numeral suffixes.
?: (drf_spectacular.W001) Warning: operationId "api_platform_admin_pricing_retrieve" has collisions [('/api/platform-admin/pricing/', 'get'), ('/api/platform-admin/pricing/{id}/', 'get')]. resolving with numeral suffixes.
?: (drf_spectacular.W001) Warning: operationId "api_platform_admin_seo_retrieve" has collisions [('/api/platform-admin/seo/', 'get'), ('/api/platform-admin/seo/{page_key}/', 'get')]. resolving with numeral suffixes.
?: (drf_spectacular.W001) Warning: operationId "api_v1_alerts_rules_retrieve" has collisions [('/api/v1/alerts/rules/', 'get'), ('/api/v1/alerts/rules/{id}/', 'get')]. resolving with numeral suffixes.
?: (drf_spectacular.W001) Warning: operationId "api_v1_audit_assessed_risks_create" has collisions [('/api/v1/audit/assessed-risks/', 'post'), ('/api/v1/audit/assessed-risks/{id}/', 'post')]. resolving with numeral suffixes.
?: (drf_spectacular.W001) Warning: operationId "api_v1_audit_assessed_risks_retrieve" has collisions [('/api/v1/audit/assessed-risks/', 'get'), ('/api/v1/audit/assessed-risks/{id}/', 'get')]. resolving with numeral suffixes.
?: (drf_spectacular.W001) Warning: operationId "api_v1_audit_confirmations_create" has collisions [('/api/v1/audit/confirmations/', 'post'), ('/api/v1/audit/confirmations/{id}/{action}/', 'post')]. resolving with numeral suffixes.
?: (drf_spectacular.W001) Warning: operationId "api_v1_audit_confirmations_retrieve" has collisions [('/api/v1/audit/confirmations/', 'get'), ('/api/v1/audit/confirmations/{id}/', 'get')]. resolving with numeral suffixes.
?: (drf_spectacular.W001) Warning: operationId "api_v1_audit_control_deficiencies_create" has collisions [('/api/v1/audit/control-deficiencies/', 'post'), ('/api/v1/audit/control-deficiencies/{id}/', 'post')]. resolving with numeral suffixes.
?: (drf_spectacular.W001) Warning: operationId "api_v1_audit_control_deficiencies_retrieve" has collisions [('/api/v1/audit/control-deficiencies/', 'get'), ('/api/v1/audit/control-deficiencies/{id}/', 'get')]. resolving with numeral suffixes.
?: (drf_spectacular.W001) Warning: operationId "api_v1_audit_evidence_requests_retrieve" has collisions [('/api/v1/audit/evidence-requests/', 'get'), ('/api/v1/audit/evidence-requests/{id}/', 'get')]. resolving with numeral suffixes.
?: (drf_spectacular.W001) Warning: operationId "api_v1_audit_general_ledger_imports_retrieve" has collisions [('/api/v1/audit/general-ledger/imports/', 'get'), ('/api/v1/audit/general-ledger/imports/{id}/', 'get')]. resolving with numeral suffixes.
?: (drf_spectacular.W001) Warning: operationId "api_v1_audit_general_ledger_risk_findings_retrieve" has collisions [('/api/v1/audit/general-ledger/risk-findings/', 'get'), ('/api/v1/audit/general-ledger/risk-findings/{id}/', 'get')]. resolving with numeral suffixes.
?: (drf_spectacular.W001) Warning: operationId "api_v1_audit_issues_create" has collisions [('/api/v1/audit/issues/', 'post'), ('/api/v1/audit/issues/{id}/', 'post')]. resolving with numeral suffixes.
?: (drf_spectacular.W001) Warning: operationId "api_v1_audit_issues_retrieve" has collisions [('/api/v1/audit/issues/', 'get'), ('/api/v1/audit/issues/{id}/', 'get')]. resolving with numeral suffixes.
?: (drf_spectacular.W001) Warning: operationId "api_v1_audit_journal_analytics_runs_retrieve" has collisions [('/api/v1/audit/journal-analytics/runs/', 'get'), ('/api/v1/audit/journal-analytics/runs/{id}/', 'get')]. resolving with numeral suffixes.
?: (drf_spectacular.W001) Warning: operationId "api_v1_audit_procedures_create" has collisions [('/api/v1/audit/procedures/', 'post'), ('/api/v1/audit/procedures/{id}/', 'post')]. resolving with numeral suffixes.
?: (drf_spectacular.W001) Warning: operationId "api_v1_audit_procedures_retrieve" has collisions [('/api/v1/audit/procedures/', 'get'), ('/api/v1/audit/procedures/{id}/', 'get')]. resolving with numeral suffixes.
?: (drf_spectacular.W001) Warning: operationId "api_v1_audit_rule_builder_retrieve" has collisions [('/api/v1/audit/rule-builder/', 'get'), ('/api/v1/audit/rule-builder/{id}/', 'get')]. resolving with numeral suffixes.
?: (drf_spectacular.W001) Warning: operationId "api_v1_audit_substantive_items_create" has collisions [('/api/v1/audit/substantive-items/', 'post'), ('/api/v1/audit/substantive-items/{id}/', 'post')]. resolving with numeral suffixes.
?: (drf_spectacular.W001) Warning: operationId "api_v1_audit_substantive_items_retrieve" has collisions [('/api/v1/audit/substantive-items/', 'get'), ('/api/v1/audit/substantive-items/{id}/', 'get')]. resolving with numeral suffixes.
?: (drf_spectacular.W001) Warning: operationId "api_v1_audit_trial_balance_imports_retrieve" has collisions [('/api/v1/audit/trial-balance/imports/', 'get'), ('/api/v1/audit/trial-balance/imports/{id}/', 'get')]. resolving with numeral suffixes.
?: (drf_spectacular.W001) Warning: operationId "api_v1_documents_bulk_upload_jobs_retrieve" has collisions [('/api/v1/documents/bulk-upload-jobs/', 'get'), ('/api/v1/documents/bulk-upload-jobs/{id}/', 'get')]. resolving with numeral suffixes.
?: (drf_spectacular.W001) Warning: operationId "api_v1_invoices_vendors_retrieve" has collisions [('/api/v1/invoices/vendors/', 'get'), ('/api/v1/invoices/vendors/{id}/', 'get')]. resolving with numeral suffixes.
?: (drf_spectacular.W001) Warning: operationId "api_v1_ledger_entries_retrieve" has collisions [('/api/v1/ledger/entries/', 'get'), ('/api/v1/ledger/entries/{id}/', 'get')]. resolving with numeral suffixes.
?: (drf_spectacular.W001) Warning: operationId "api_v1_procurement_requisitions_retrieve" has collisions [('/api/v1/procurement/requisitions/', 'get'), ('/api/v1/procurement/requisitions/{pr_id}/', 'get')]. resolving with numeral suffixes.
?: (drf_spectacular.W001) Warning: operationId "api_v1_reports_invoice_audit_retrieve" has collisions [('/api/v1/reports/invoice-audit/{id}', 'get'), ('/api/v1/reports/invoice-audit/{id}/', 'get')]. resolving with numeral suffixes.
?: (drf_spectacular.W001) Warning: operationId "api_v1_reports_retrieve" has collisions [('/api/v1/reports/', 'get'), ('/api/v1/reports/{id}/', 'get')]. resolving with numeral suffixes.
?: (drf_spectacular.W001) Warning: operationId "api_v1_rule_engine_canonical_retrieve" has collisions [('/api/v1/rule-engine/canonical/', 'get'), ('/api/v1/rule-engine/canonical/{document_id}/', 'get')]. resolving with numeral suffixes.
?: (drf_spectacular.W002) /home/ubuntu/tadgeeg-main-merge/apps/alerts/views.py: Error [AlertEventAckView]: unable to guess serializer. This is graceful fallback handling for APIViews. Consider using GenericAPIView as view base class, if view is under your control. Either way you may want to add a serializer_class (or method). Ignoring view for now.
?: (drf_spectacular.W002) /home/ubuntu/tadgeeg-main-merge/apps/alerts/views.py: Error [AlertEventListView]: unable to guess serializer. This is graceful fallback handling for APIViews. Consider using GenericAPIView as view base class, if view is under your control. Either way you may want to add a serializer_class (or method). Ignoring view for now.
?: (drf_spectacular.W002) /home/ubuntu/tadgeeg-main-merge/apps/alerts/views.py: Error [AlertRuleDetailView]: unable to guess serializer. This is graceful fallback handling for APIViews. Consider using GenericAPIView as view base class, if view is under your control. Either way you may want to add a serializer_class (or method). Ignoring view for now.
?: (drf_spectacular.W002) /home/ubuntu/tadgeeg-main-merge/apps/alerts/views.py: Error [AlertRuleListCreateView]: unable to guess serializer. This is graceful fallback handling for APIViews. Consider using GenericAPIView as view base class, if view is under your control. Either way you may want to add a serializer_class (or method). Ignoring view for now.
?: (drf_spectacular.W002) /home/ubuntu/tadgeeg-main-merge/apps/alerts/views.py: Error [AlertRuleTestView]: unable to guess serializer. This is graceful fallback handling for APIViews. Consider using GenericAPIView as view base class, if view is under your control. Either way you may want to add a serializer_class (or method). Ignoring view for now.
?: (drf_spectacular.W002) /home/ubuntu/tadgeeg-main-merge/apps/analytics/views.py: Error [AnomalyDetectionView]: unable to guess serializer. This is graceful fallback handling for APIViews. Consider using GenericAPIView as view base class, if view is under your control. Either way you may want to add a serializer_class (or method). Ignoring view for now.
?: (drf_spectacular.W002) /home/ubuntu/tadgeeg-main-merge/apps/analytics/views.py: Error [BenfordAnalysisView]: unable to guess serializer. This is graceful fallback handling for APIViews. Consider using GenericAPIView as view base class, if view is under your control. Either way you may want to add a serializer_class (or method). Ignoring view for now.
?: (drf_spectacular.W002) /home/ubuntu/tadgeeg-main-merge/apps/analytics/views.py: Error [CashFlowForecastView]: unable to guess serializer. This is graceful fallback handling for APIViews. Consider using GenericAPIView as view base class, if view is under your control. Either way you may want to add a serializer_class (or method). Ignoring view for now.
?: (drf_spectacular.W002) /home/ubuntu/tadgeeg-main-merge/apps/analytics/views.py: Error [FinancialKPIsView]: unable to guess serializer. This is graceful fallback handling for APIViews. Consider using GenericAPIView as view base class, if view is under your control. Either way you may want to add a serializer_class (or method). Ignoring view for now.
?: (drf_spectacular.W002) /home/ubuntu/tadgeeg-main-merge/apps/analytics/views.py: Error [FraudScoringView]: unable to guess serializer. This is graceful fallback handling for APIViews. Consider using GenericAPIView as view base class, if view is under your control. Either way you may want to add a serializer_class (or method). Ignoring view for now.
?: (drf_spectacular.W002) /home/ubuntu/tadgeeg-main-merge/apps/analytics/views.py: Error [IndustryBenchmarkView]: unable to guess serializer. This is graceful fallback handling for APIViews. Consider using GenericAPIView as view base class, if view is under your control. Either way you may want to add a serializer_class (or method). Ignoring view for now.
?: (drf_spectacular.W002) /home/ubuntu/tadgeeg-main-merge/apps/analytics/views.py: Error [LiveMetricsView]: unable to guess serializer. This is graceful fallback handling for APIViews. Consider using GenericAPIView as view base class, if view is under your control. Either way you may want to add a serializer_class (or method). Ignoring view for now.
?: (drf_spectacular.W002) /home/ubuntu/tadgeeg-main-merge/apps/analytics/views.py: Error [NLQueryExportView]: unable to guess serializer. This is graceful fallback handling for APIViews. Consider using GenericAPIView as view base class, if view is under your control. Either way you may want to add a serializer_class (or method). Ignoring view for now.
?: (drf_spectacular.W002) /home/ubuntu/tadgeeg-main-merge/apps/analytics/views.py: Error [NLQueryHistoryView]: unable to guess serializer. This is graceful fallback handling for APIViews. Consider using GenericAPIView as view base class, if view is under your control. Either way you may want to add a serializer_class (or method). Ignoring view for now.
?: (drf_spectacular.W002) /home/ubuntu/tadgeeg-main-merge/apps/analytics/views.py: Error [NLQueryView]: unable to guess serializer. This is graceful fallback handling for APIViews. Consider using GenericAPIView as view base class, if view is under your control. Either way you may want to add a serializer_class (or method). Ignoring view for now.
?: (drf_spectacular.W002) /home/ubuntu/tadgeeg-main-merge/apps/api_mobile/views.py: Error [MobileBiometricRegisterView]: unable to guess serializer. This is graceful fallback handling for APIViews. Consider using GenericAPIView as view base class, if view is under your control. Either way you may want to add a serializer_class (or method). Ignoring view for now.
?: (drf_spectacular.W002) /home/ubuntu/tadgeeg-main-merge/apps/api_mobile/views.py: Error [MobileCaptureView]: unable to guess serializer. This is graceful fallback handling for APIViews. Consider using GenericAPIView as view base class, if view is under your control. Either way you may want to add a serializer_class (or method). Ignoring view for now.
?: (drf_spectacular.W002) /home/ubuntu/tadgeeg-main-merge/apps/api_mobile/views.py: Error [MobileDeviceRegisterView]: unable to guess serializer. This is graceful fallback handling for APIViews. Consider using GenericAPIView as view base class, if view is under your control. Either way you may want to add a serializer_class (or method). Ignoring view for now.
?: (drf_spectacular.W002) /home/ubuntu/tadgeeg-main-merge/apps/api_mobile/views.py: Error [MobileInboxView]: unable to guess serializer. This is graceful fallback handling for APIViews. Consider using GenericAPIView as view base class, if view is under your control. Either way you may want to add a serializer_class (or method). Ignoring view for now.
?: (drf_spectacular.W002) /home/ubuntu/tadgeeg-main-merge/apps/api_mobile/views.py: Error [MobileInvoiceActionView]: unable to guess serializer. This is graceful fallback handling for APIViews. Consider using GenericAPIView as view base class, if view is under your control. Either way you may want to add a serializer_class (or method). Ignoring view for now.
?: (drf_spectacular.W002) /home/ubuntu/tadgeeg-main-merge/apps/api_mobile/views.py: Error [MobileLoginView]: unable to guess serializer. This is graceful fallback handling for APIViews. Consider using GenericAPIView as view base class, if view is under your control. Either way you may want to add a serializer_class (or method). Ignoring view for now.
?: (drf_spectacular.W002) /home/ubuntu/tadgeeg-main-merge/apps/api_mobile/views.py: Error [MobileLogoutView]: unable to guess serializer. This is graceful fallback handling for APIViews. Consider using GenericAPIView as view base class, if view is under your control. Either way you may want to add a serializer_class (or method). Ignoring view for now.
?: (drf_spectacular.W002) /home/ubuntu/tadgeeg-main-merge/apps/assistant/views.py: Error [AssistantChatView]: unable to guess serializer. This is graceful fallback handling for APIViews. Consider using GenericAPIView as view base class, if view is under your control. Either way you may want to add a serializer_class (or method). Ignoring view for now.
?: (drf_spectacular.W002) /home/ubuntu/tadgeeg-main-merge/apps/assistant/views.py: Error [AssistantHistoryView]: unable to guess serializer. This is graceful fallback handling for APIViews. Consider using GenericAPIView as view base class, if view is under your control. Either way you may want to add a serializer_class (or method). Ignoring view for now.
?: (drf_spectacular.W002) /home/ubuntu/tadgeeg-main-merge/apps/assistant/views.py: Error [AssistantResetView]: unable to guess serializer. This is graceful fallback handling for APIViews. Consider using GenericAPIView as view base class, if view is under your control. Either way you may want to add a serializer_class (or method). Ignoring view for now.
?: (drf_spectacular.W002) /home/ubuntu/tadgeeg-main-merge/apps/audit/views.py: Error [AssignCaseView]: unable to guess serializer. This is graceful fallback handling for APIViews. Consider using GenericAPIView as view base class, if view is under your control. Either way you may want to add a serializer_class (or method). Ignoring view for now.
?: (drf_spectacular.W002) /home/ubuntu/tadgeeg-main-merge/apps/audit/views.py: Error [AuditDashboardOverviewView]: unable to guess serializer. This is graceful fallback handling for APIViews. Consider using GenericAPIView as view base class, if view is under your control. Either way you may want to add a serializer_class (or method). Ignoring view for now.
?: (drf_spectacular.W002) /home/ubuntu/tadgeeg-main-merge/apps/audit/views.py: Error [AuditSessionDetailView]: unable to guess serializer. This is graceful fallback handling for APIViews. Consider using GenericAPIView as view base class, if view is under your control. Either way you may want to add a serializer_class (or method). Ignoring view for now.
?: (drf_spectacular.W002) /home/ubuntu/tadgeeg-main-merge/apps/audit/views.py: Error [AuditSessionFindingsView]: unable to guess serializer. This is graceful fallback handling for APIViews. Consider using GenericAPIView as view base class, if view is under your control. Either way you may want to add a serializer_class (or method). Ignoring view for now.
?: (drf_spectacular.W002) /home/ubuntu/tadgeeg-main-merge/apps/audit/views.py: Error [AuditSessionProgressView]: unable to guess serializer. This is graceful fallback handling for APIViews. Consider using GenericAPIView as view base class, if view is under your control. Either way you may want to add a serializer_class (or method). Ignoring view for now.
?: (drf_spectacular.W002) /home/ubuntu/tadgeeg-main-merge/apps/audit/views.py: Error [BigFourComplianceView]: unable to guess serializer. This is graceful fallback handling for APIViews. Consider using GenericAPIView as view base class, if view is under your control. Either way you may want to add a serializer_class (or method). Ignoring view for now.
?: (drf_spectacular.W002) /home/ubuntu/tadgeeg-main-merge/apps/audit/views.py: Error [BulkCaseActionView]: unable to guess serializer. This is graceful fallback handling for APIViews. Consider using GenericAPIView as view base class, if view is under your control. Either way you may want to add a serializer_class (or method). Ignoring view for now.
?: (drf_spectacular.W002) /home/ubuntu/tadgeeg-main-merge/apps/audit/views.py: Error [CaseCommentView]: unable to guess serializer. This is graceful fallback handling for APIViews. Consider using GenericAPIView as view base class, if view is under your control. Either way you may want to add a serializer_class (or method). Ignoring view for now.
?: (drf_spectacular.W002) /home/ubuntu/tadgeeg-main-merge/apps/audit/views.py: Error [CustomRuleTestView]: unable to guess serializer. This is graceful fallback handling for APIViews. Consider using GenericAPIView as view base class, if view is under your control. Either way you may want to add a serializer_class (or method). Ignoring view for now.
?: (drf_spectacular.W002) /home/ubuntu/tadgeeg-main-merge/apps/audit/views.py: Error [UpdateCaseStatusView]: unable to guess serializer. This is graceful fallback handling for APIViews. Consider using GenericAPIView as view base class, if view is under your control. Either way you may want to add a serializer_class (or method). Ignoring view for now.
?: (drf_spectacular.W002) /home/ubuntu/tadgeeg-main-merge/apps/audit/views_assessed_risk.py: Error [AssessedRiskDetailView]: unable to guess serializer. This is graceful fallback handling for APIViews. Consider using GenericAPIView as view base class, if view is under your control. Either way you may want to add a serializer_class (or method). Ignoring view for now.
?: (drf_spectacular.W002) /home/ubuntu/tadgeeg-main-merge/apps/audit/views_assessed_risk.py: Error [AssessedRiskListCreateView]: unable to guess serializer. This is graceful fallback handling for APIViews. Consider using GenericAPIView as view base class, if view is under your control. Either way you may want to add a serializer_class (or method). Ignoring view for now.
?: (drf_spectacular.W002) /home/ubuntu/tadgeeg-main-merge/apps/audit/views_assessed_risk.py: Error [EngagementFindingsRegisterView]: unable to guess serializer. This is graceful fallback handling for APIViews. Consider using GenericAPIView as view base class, if view is under your control. Either way you may want to add a serializer_class (or method). Ignoring view for now.
?: (drf_spectacular.W002) /home/ubuntu/tadgeeg-main-merge/apps/audit/views_assessed_risk.py: Error [EngagementRiskSummaryView]: unable to guess serializer. This is graceful fallback handling for APIViews. Consider using GenericAPIView as view base class, if view is under your control. Either way you may want to add a serializer_class (or method). Ignoring view for now.
?: (drf_spectacular.W002) /home/ubuntu/tadgeeg-main-merge/apps/audit/views_audit_issue.py: Error [EngagementIssueSummaryView]: unable to guess serializer. This is graceful fallback handling for APIViews. Consider using GenericAPIView as view base class, if view is under your control. Either way you may want to add a serializer_class (or method). Ignoring view for now.
?: (drf_spectacular.W002) /home/ubuntu/tadgeeg-main-merge/apps/audit/views_audit_issue.py: Error [IssueDetailView]: unable to guess serializer. This is graceful fallback handling for APIViews. Consider using GenericAPIView as view base class, if view is under your control. Either way you may want to add a serializer_class (or method). Ignoring view for now.
?: (drf_spectacular.W002) /home/ubuntu/tadgeeg-main-merge/apps/audit/views_audit_issue.py: Error [IssueListCreateView]: unable to guess serializer. This is graceful fallback handling for APIViews. Consider using GenericAPIView as view base class, if view is under your control. Either way you may want to add a serializer_class (or method). Ignoring view for now.
?: (drf_spectacular.W002) /home/ubuntu/tadgeeg-main-merge/apps/audit/views_audit_procedure.py: Error [EngagementProcedureSummaryView]: unable to guess serializer. This is graceful fallback handling for APIViews. Consider using GenericAPIView as view base class, if view is under your control. Either way you may want to add a serializer_class (or method). Ignoring view for now.
?: (drf_spectacular.W002) /home/ubuntu/tadgeeg-main-merge/apps/audit/views_audit_procedure.py: Error [ProcedureDetailView]: unable to guess serializer. This is graceful fallback handling for APIViews. Consider using GenericAPIView as view base class, if view is under your control. Either way you may want to add a serializer_class (or method). Ignoring view for now.
?: (drf_spectacular.W002) /home/ubuntu/tadgeeg-main-merge/apps/audit/views_audit_procedure.py: Error [ProcedureListCreateView]: unable to guess serializer. This is graceful fallback handling for APIViews. Consider using GenericAPIView as view base class, if view is under your control. Either way you may want to add a serializer_class (or method). Ignoring view for now.
?: (drf_spectacular.W002) /home/ubuntu/tadgeeg-main-merge/apps/audit/views_confirmations.py: Error [ConfirmationActionView]: unable to guess serializer. This is graceful fallback handling for APIViews. Consider using GenericAPIView as view base class, if view is under your control. Either way you may want to add a serializer_class (or method). Ignoring view for now.
?: (drf_spectacular.W002) /home/ubuntu/tadgeeg-main-merge/apps/audit/views_confirmations.py: Error [ConfirmationDetailView]: unable to guess serializer. This is graceful fallback handling for APIViews. Consider using GenericAPIView as view base class, if view is under your control. Either way you may want to add a serializer_class (or method). Ignoring view for now.
?: (drf_spectacular.W002) /home/ubuntu/tadgeeg-main-merge/apps/audit/views_confirmations.py: Error [ConfirmationListCreateView]: unable to guess serializer. This is graceful fallback handling for APIViews. Consider using GenericAPIView as view base class, if view is under your control. Either way you may want to add a serializer_class (or method). Ignoring view for now.
?: (drf_spectacular.W002) /home/ubuntu/tadgeeg-main-merge/apps/audit/views_evidence.py: Error [EvidenceRequestAssignView]: unable to guess serializer. This is graceful fallback handling for APIViews. Consider using GenericAPIView as view base class, if view is under your control. Either way you may want to add a serializer_class (or method). Ignoring view for now.
?: (drf_spectacular.W002) /home/ubuntu/tadgeeg-main-merge/apps/audit/views_evidence.py: Error [EvidenceRequestAttachmentsView]: unable to guess serializer. This is graceful fallback handling for APIViews. Consider using GenericAPIView as view base class, if view is under your control. Either way you may want to add a serializer_class (or method). Ignoring view for now.
?: (drf_spectacular.W002) /home/ubuntu/tadgeeg-main-merge/apps/audit/views_evidence.py: Error [EvidenceRequestDetailView]: unable to guess serializer. This is graceful fallback handling for APIViews. Consider using GenericAPIView as view base class, if view is under your control. Either way you may want to add a serializer_class (or method). Ignoring view for now.
?: (drf_spectacular.W002) /home/ubuntu/tadgeeg-main-merge/apps/audit/views_evidence.py: Error [EvidenceRequestEventsView]: unable to guess serializer. This is graceful fallback handling for APIViews. Consider using GenericAPIView as view base class, if view is under your control. Either way you may want to add a serializer_class (or method). Ignoring view for now.
?: (drf_spectacular.W002) /home/ubuntu/tadgeeg-main-merge/apps/audit/views_evidence.py: Error [EvidenceRequestListCreateView]: unable to guess serializer. This is graceful fallback handling for APIViews. Consider using GenericAPIView as view base class, if view is under your control. Either way you may want to add a serializer_class (or method). Ignoring view for now.
?: (drf_spectacular.W002) /home/ubuntu/tadgeeg-main-merge/apps/audit/views_evidence.py: Error [EvidenceRequestManagementExplanationView]: unable to guess serializer. This is graceful fallback handling for APIViews. Consider using GenericAPIView as view base class, if view is under your control. Either way you may want to add a serializer_class (or method). Ignoring view for now.
?: (drf_spectacular.W002) /home/ubuntu/tadgeeg-main-merge/apps/audit/views_evidence.py: Error [EvidenceRequestReviewView]: unable to guess serializer. This is graceful fallback handling for APIViews. Consider using GenericAPIView as view base class, if view is under your control. Either way you may want to add a serializer_class (or method). Ignoring view for now.
?: (drf_spectacular.W002) /home/ubuntu/tadgeeg-main-merge/apps/audit/views_evidence.py: Error [EvidenceRequestSubmitView]: unable to guess serializer. This is graceful fallback handling for APIViews. Consider using GenericAPIView as view base class, if view is under your control. Either way you may want to add a serializer_class (or method). Ignoring view for now.
?: (drf_spectacular.W002) /home/ubuntu/tadgeeg-main-merge/apps/audit/views_evidence_assurance.py: Error [EngagementRetentionPolicyView]: unable to guess serializer. This is graceful fallback handling for APIViews. Consider using GenericAPIView as view base class, if view is under your control. Either way you may want to add a serializer_class (or method). Ignoring view for now.
?: (drf_spectacular.W002) /home/ubuntu/tadgeeg-main-merge/apps/audit/views_evidence_assurance.py: Error [EvidenceAssuranceDashboardView]: unable to guess serializer. This is graceful fallback handling for APIViews. Consider using GenericAPIView as view base class, if view is under your control. Either way you may want to add a serializer_class (or method). Ignoring view for now.
?: (drf_spectacular.W002) /home/ubuntu/tadgeeg-main-merge/apps/audit/views_evidence_assurance.py: Error [EvidenceCoverageView]: unable to guess serializer. This is graceful fallback handling for APIViews. Consider using GenericAPIView as view base class, if view is under your control. Either way you may want to add a serializer_class (or method). Ignoring view for now.
?: (drf_spectacular.W002) /home/ubuntu/tadgeeg-main-merge/apps/audit/views_evidence_assurance.py: Error [EvidenceIndexView]: unable to guess serializer. This is graceful fallback handling for APIViews. Consider using GenericAPIView as view base class, if view is under your control. Either way you may want to add a serializer_class (or method). Ignoring view for now.
?: (drf_spectacular.W002) /home/ubuntu/tadgeeg-main-merge/apps/audit/views_evidence_assurance.py: Error [EvidenceIntegrityReportView]: unable to guess serializer. This is graceful fallback handling for APIViews. Consider using GenericAPIView as view base class, if view is under your control. Either way you may want to add a serializer_class (or method). Ignoring view for now.
?: (drf_spectacular.W002) /home/ubuntu/tadgeeg-main-merge/apps/audit/views_evidence_assurance.py: Error [EvidenceIntegritySweepView]: unable to guess serializer. This is graceful fallback handling for APIViews. Consider using GenericAPIView as view base class, if view is under your control. Either way you may want to add a serializer_class (or method). Ignoring view for now.
?: (drf_spectacular.W002) /home/ubuntu/tadgeeg-main-merge/apps/audit/views_evidence_lifecycle.py: Error [EvidenceAttachmentDownloadView]: unable to guess serializer. This is graceful fallback handling for APIViews. Consider using GenericAPIView as view base class, if view is under your control. Either way you may want to add a serializer_class (or method). Ignoring view for now.
?: (drf_spectacular.W002) /home/ubuntu/tadgeeg-main-merge/apps/audit/views_evidence_lifecycle.py: Error [EvidenceAttachmentLifecycleView]: unable to guess serializer. This is graceful fallback handling for APIViews. Consider using GenericAPIView as view base class, if view is under your control. Either way you may want to add a serializer_class (or method). Ignoring view for now.
?: (drf_spectacular.W002) /home/ubuntu/tadgeeg-main-merge/apps/audit/views_evidence_lifecycle.py: Error [EvidenceAttachmentVerifyView]: unable to guess serializer. This is graceful fallback handling for APIViews. Consider using GenericAPIView as view base class, if view is under your control. Either way you may want to add a serializer_class (or method). Ignoring view for now.
?: (drf_spectacular.W002) /home/ubuntu/tadgeeg-main-merge/apps/audit/views_evidence_lifecycle.py: Error [EvidenceBulkAssignView]: unable to guess serializer. This is graceful fallback handling for APIViews. Consider using GenericAPIView as view base class, if view is under your control. Either way you may want to add a serializer_class (or method). Ignoring view for now.
?: (drf_spectacular.W002) /home/ubuntu/tadgeeg-main-merge/apps/audit/views_evidence_lifecycle.py: Error [EvidenceDashboardSummaryView]: unable to guess serializer. This is graceful fallback handling for APIViews. Consider using GenericAPIView as view base class, if view is under your control. Either way you may want to add a serializer_class (or method). Ignoring view for now.
?: (drf_spectacular.W002) /home/ubuntu/tadgeeg-main-merge/apps/audit/views_evidence_lifecycle.py: Error [EvidenceQueueView]: unable to guess serializer. This is graceful fallback handling for APIViews. Consider using GenericAPIView as view base class, if view is under your control. Either way you may want to add a serializer_class (or method). Ignoring view for now.
?: (drf_spectacular.W002) /home/ubuntu/tadgeeg-main-merge/apps/audit/views_evidence_lifecycle.py: Error [EvidenceRequestVersionsView]: unable to guess serializer. This is graceful fallback handling for APIViews. Consider using GenericAPIView as view base class, if view is under your control. Either way you may want to add a serializer_class (or method). Ignoring view for now.
?: (drf_spectacular.W002) /home/ubuntu/tadgeeg-main-merge/apps/audit/views_financial_statements.py: Error [EngagementFinancialStatementsView]: unable to guess serializer. This is graceful fallback handling for APIViews. Consider using GenericAPIView as view base class, if view is under your control. Either way you may want to add a serializer_class (or method). Ignoring view for now.
?: (drf_spectacular.W002) /home/ubuntu/tadgeeg-main-merge/apps/audit/views_finding_feedback.py: Error [FindingVerdictView]: unable to guess serializer. This is graceful fallback handling for APIViews. Consider using GenericAPIView as view base class, if view is under your control. Either way you may want to add a serializer_class (or method). Ignoring view for now.
?: (drf_spectacular.W002) /home/ubuntu/tadgeeg-main-merge/apps/audit/views_finding_feedback.py: Error [RulePrecisionView]: unable to guess serializer. This is graceful fallback handling for APIViews. Consider using GenericAPIView as view base class, if view is under your control. Either way you may want to add a serializer_class (or method). Ignoring view for now.
?: (drf_spectacular.W002) /home/ubuntu/tadgeeg-main-merge/apps/audit/views_journal_analytics.py: Error [AnalyticsDashboardView]: unable to guess serializer. This is graceful fallback handling for APIViews. Consider using GenericAPIView as view base class, if view is under your control. Either way you may want to add a serializer_class (or method). Ignoring view for now.
?: (drf_spectacular.W002) /home/ubuntu/tadgeeg-main-merge/apps/audit/views_journal_analytics.py: Error [AnalyticsRuleListView]: unable to guess serializer. This is graceful fallback handling for APIViews. Consider using GenericAPIView as view base class, if view is under your control. Either way you may want to add a serializer_class (or method). Ignoring view for now.
?: (drf_spectacular.W002) /home/ubuntu/tadgeeg-main-merge/apps/audit/views_journal_analytics.py: Error [AnalyticsRunDetailView]: unable to guess serializer. This is graceful fallback handling for APIViews. Consider using GenericAPIView as view base class, if view is under your control. Either way you may want to add a serializer_class (or method). Ignoring view for now.
?: (drf_spectacular.W002) /home/ubuntu/tadgeeg-main-merge/apps/audit/views_journal_analytics.py: Error [AnalyticsRunListCreateView]: unable to guess serializer. This is graceful fallback handling for APIViews. Consider using GenericAPIView as view base class, if view is under your control. Either way you may want to add a serializer_class (or method). Ignoring view for now.
?: (drf_spectacular.W002) /home/ubuntu/tadgeeg-main-merge/apps/audit/views_journal_analytics.py: Error [AnalyticsRunReportView]: unable to guess serializer. This is graceful fallback handling for APIViews. Consider using GenericAPIView as view base class, if view is under your control. Either way you may want to add a serializer_class (or method). Ignoring view for now.
?: (drf_spectacular.W002) /home/ubuntu/tadgeeg-main-merge/apps/audit/views_journal_analytics.py: Error [AnalyticsRunResultsView]: unable to guess serializer. This is graceful fallback handling for APIViews. Consider using GenericAPIView as view base class, if view is under your control. Either way you may want to add a serializer_class (or method). Ignoring view for now.
?: (drf_spectacular.W002) /home/ubuntu/tadgeeg-main-merge/apps/audit/views_management_letter.py: Error [DeficiencyDetailView]: unable to guess serializer. This is graceful fallback handling for APIViews. Consider using GenericAPIView as view base class, if view is under your control. Either way you may want to add a serializer_class (or method). Ignoring view for now.
?: (drf_spectacular.W002) /home/ubuntu/tadgeeg-main-merge/apps/audit/views_management_letter.py: Error [DeficiencyListCreateView]: unable to guess serializer. This is graceful fallback handling for APIViews. Consider using GenericAPIView as view base class, if view is under your control. Either way you may want to add a serializer_class (or method). Ignoring view for now.
?: (drf_spectacular.W002) /home/ubuntu/tadgeeg-main-merge/apps/audit/views_management_letter.py: Error [EngagementManagementLetterView]: unable to guess serializer. This is graceful fallback handling for APIViews. Consider using GenericAPIView as view base class, if view is under your control. Either way you may want to add a serializer_class (or method). Ignoring view for now.
?: (drf_spectacular.W002) /home/ubuntu/tadgeeg-main-merge/apps/audit/views_member.py: Error [EngagementMemberDetailView]: unable to guess serializer. This is graceful fallback handling for APIViews. Consider using GenericAPIView as view base class, if view is under your control. Either way you may want to add a serializer_class (or method). Ignoring view for now.
?: (drf_spectacular.W002) /home/ubuntu/tadgeeg-main-merge/apps/audit/views_member.py: Error [EngagementMemberListCreateView]: unable to guess serializer. This is graceful fallback handling for APIViews. Consider using GenericAPIView as view base class, if view is under your control. Either way you may want to add a serializer_class (or method). Ignoring view for now.
?: (drf_spectacular.W002) /home/ubuntu/tadgeeg-main-merge/apps/audit/views_planning_records.py: Error [EngagementPlanningRecordsView]: unable to guess serializer. This is graceful fallback handling for APIViews. Consider using GenericAPIView as view base class, if view is under your control. Either way you may want to add a serializer_class (or method). Ignoring view for now.
?: (drf_spectacular.W002) /home/ubuntu/tadgeeg-main-merge/apps/audit/views_planning_records.py: Error [PlanningRecordDetailView]: unable to guess serializer. This is graceful fallback handling for APIViews. Consider using GenericAPIView as view base class, if view is under your control. Either way you may want to add a serializer_class (or method). Ignoring view for now.
?: (drf_spectacular.W002) /home/ubuntu/tadgeeg-main-merge/apps/audit/views_report.py: Error [EngagementReportDetailView]: unable to guess serializer. This is graceful fallback handling for APIViews. Consider using GenericAPIView as view base class, if view is under your control. Either way you may want to add a serializer_class (or method). Ignoring view for now.
?: (drf_spectacular.W002) /home/ubuntu/tadgeeg-main-merge/apps/audit/views_report.py: Error [EngagementReportListCreateView]: unable to guess serializer. This is graceful fallback handling for APIViews. Consider using GenericAPIView as view base class, if view is under your control. Either way you may want to add a serializer_class (or method). Ignoring view for now.
?: (drf_spectacular.W002) /home/ubuntu/tadgeeg-main-merge/apps/audit/views_rule_builder.py: Error [DSLSchemaView]: unable to guess serializer. This is graceful fallback handling for APIViews. Consider using GenericAPIView as view base class, if view is under your control. Either way you may want to add a serializer_class (or method). Ignoring view for now.
?: (drf_spectacular.W002) /home/ubuntu/tadgeeg-main-merge/apps/audit/views_rule_builder.py: Error [RuleArchiveView]: unable to guess serializer. This is graceful fallback handling for APIViews. Consider using GenericAPIView as view base class, if view is under your control. Either way you may want to add a serializer_class (or method). Ignoring view for now.
?: (drf_spectacular.W002) /home/ubuntu/tadgeeg-main-merge/apps/audit/views_rule_builder.py: Error [RuleDetailView]: unable to guess serializer. This is graceful fallback handling for APIViews. Consider using GenericAPIView as view base class, if view is under your control. Either way you may want to add a serializer_class (or method). Ignoring view for now.
?: (drf_spectacular.W002) /home/ubuntu/tadgeeg-main-merge/apps/audit/views_rule_builder.py: Error [RuleListCreateView]: unable to guess serializer. This is graceful fallback handling for APIViews. Consider using GenericAPIView as view base class, if view is under your control. Either way you may want to add a serializer_class (or method). Ignoring view for now.
?: (drf_spectacular.W002) /home/ubuntu/tadgeeg-main-merge/apps/audit/views_rule_builder.py: Error [RulePublishView]: unable to guess serializer. This is graceful fallback handling for APIViews. Consider using GenericAPIView as view base class, if view is under your control. Either way you may want to add a serializer_class (or method). Ignoring view for now.
?: (drf_spectacular.W002) /home/ubuntu/tadgeeg-main-merge/apps/audit/views_rule_builder.py: Error [RuleSandboxView]: unable to guess serializer. This is graceful fallback handling for APIViews. Consider using GenericAPIView as view base class, if view is under your control. Either way you may want to add a serializer_class (or method). Ignoring view for now.
?: (drf_spectacular.W002) /home/ubuntu/tadgeeg-main-merge/apps/audit/views_signoff.py: Error [EngagementSignoffView]: unable to guess serializer. This is graceful fallback handling for APIViews. Consider using GenericAPIView as view base class, if view is under your control. Either way you may want to add a serializer_class (or method). Ignoring view for now.
?: (drf_spectacular.W002) /home/ubuntu/tadgeeg-main-merge/apps/audit/views_substantive.py: Error [EngagementSubstantiveSummaryView]: unable to guess serializer. This is graceful fallback handling for APIViews. Consider using GenericAPIView as view base class, if view is under your control. Either way you may want to add a serializer_class (or method). Ignoring view for now.
?: (drf_spectacular.W002) /home/ubuntu/tadgeeg-main-merge/apps/audit/views_substantive.py: Error [SubstantiveItemDetailView]: unable to guess serializer. This is graceful fallback handling for APIViews. Consider using GenericAPIView as view base class, if view is under your control. Either way you may want to add a serializer_class (or method). Ignoring view for now.
?: (drf_spectacular.W002) /home/ubuntu/tadgeeg-main-merge/apps/audit/views_substantive.py: Error [SubstantiveItemListCreateView]: unable to guess serializer. This is graceful fallback handling for APIViews. Consider using GenericAPIView as view base class, if view is under your control. Either way you may want to add a serializer_class (or method). Ignoring view for now.
?: (drf_spectacular.W002) /home/ubuntu/tadgeeg-main-merge/apps/audit/views_trial_balance.py: Error [AccountMappingListView]: unable to guess serializer. This is graceful fallback handling for APIViews. Consider using GenericAPIView as view base class, if view is under your control. Either way you may want to add a serializer_class (or method). Ignoring view for now.
?: (drf_spectacular.W002) /home/ubuntu/tadgeeg-main-merge/apps/audit/views_trial_balance.py: Error [AuditReadinessDetailView]: unable to guess serializer. This is graceful fallback handling for APIViews. Consider using GenericAPIView as view base class, if view is under your control. Either way you may want to add a serializer_class (or method). Ignoring view for now.
?: (drf_spectacular.W002) /home/ubuntu/tadgeeg-main-merge/apps/audit/views_trial_balance.py: Error [AuditReadinessExportView]: unable to guess serializer. This is graceful fallback handling for APIViews. Consider using GenericAPIView as view base class, if view is under your control. Either way you may want to add a serializer_class (or method). Ignoring view for now.
?: (drf_spectacular.W002) /home/ubuntu/tadgeeg-main-merge/apps/audit/views_trial_balance.py: Error [EngagementAuditReadinessExportView]: unable to guess serializer. This is graceful fallback handling for APIViews. Consider using GenericAPIView as view base class, if view is under your control. Either way you may want to add a serializer_class (or method). Ignoring view for now.
?: (drf_spectacular.W002) /home/ubuntu/tadgeeg-main-merge/apps/audit/views_trial_balance.py: Error [EngagementAuditReadinessGenerateView]: unable to guess serializer. This is graceful fallback handling for APIViews. Consider using GenericAPIView as view base class, if view is under your control. Either way you may want to add a serializer_class (or method). Ignoring view for now.
?: (drf_spectacular.W002) /home/ubuntu/tadgeeg-main-merge/apps/audit/views_trial_balance.py: Error [EngagementAuditReadinessView]: unable to guess serializer. This is graceful fallback handling for APIViews. Consider using GenericAPIView as view base class, if view is under your control. Either way you may want to add a serializer_class (or method). Ignoring view for now.
?: (drf_spectacular.W002) /home/ubuntu/tadgeeg-main-merge/apps/audit/views_trial_balance.py: Error [EngagementSADRecalculateView]: unable to guess serializer. This is graceful fallback handling for APIViews. Consider using GenericAPIView as view base class, if view is under your control. Either way you may want to add a serializer_class (or method). Ignoring view for now.
?: (drf_spectacular.W002) /home/ubuntu/tadgeeg-main-merge/apps/audit/views_trial_balance.py: Error [EngagementSADView]: unable to guess serializer. This is graceful fallback handling for APIViews. Consider using GenericAPIView as view base class, if view is under your control. Either way you may want to add a serializer_class (or method). Ignoring view for now.
?: (drf_spectacular.W002) /home/ubuntu/tadgeeg-main-merge/apps/audit/views_trial_balance.py: Error [GeneralLedgerAnalyzeRisksView]: unable to guess serializer. This is graceful fallback handling for APIViews. Consider using GenericAPIView as view base class, if view is under your control. Either way you may want to add a serializer_class (or method). Ignoring view for now.
?: (drf_spectacular.W002) /home/ubuntu/tadgeeg-main-merge/apps/audit/views_trial_balance.py: Error [GeneralLedgerApplyMaterialityView]: unable to guess serializer. This is graceful fallback handling for APIViews. Consider using GenericAPIView as view base class, if view is under your control. Either way you may want to add a serializer_class (or method). Ignoring view for now.
?: (drf_spectacular.W002) /home/ubuntu/tadgeeg-main-merge/apps/audit/views_trial_balance.py: Error [GeneralLedgerImportDetailView]: unable to guess serializer. This is graceful fallback handling for APIViews. Consider using GenericAPIView as view base class, if view is under your control. Either way you may want to add a serializer_class (or method). Ignoring view for now.
?: (drf_spectacular.W002) /home/ubuntu/tadgeeg-main-merge/apps/audit/views_trial_balance.py: Error [GeneralLedgerImportListCreateView]: unable to guess serializer. This is graceful fallback handling for APIViews. Consider using GenericAPIView as view base class, if view is under your control. Either way you may want to add a serializer_class (or method). Ignoring view for now.
?: (drf_spectacular.W002) /home/ubuntu/tadgeeg-main-merge/apps/audit/views_trial_balance.py: Error [GeneralLedgerRiskFindingDetailView]: unable to guess serializer. This is graceful fallback handling for APIViews. Consider using GenericAPIView as view base class, if view is under your control. Either way you may want to add a serializer_class (or method). Ignoring view for now.
?: (drf_spectacular.W002) /home/ubuntu/tadgeeg-main-merge/apps/audit/views_trial_balance.py: Error [GeneralLedgerRiskFindingListView]: unable to guess serializer. This is graceful fallback handling for APIViews. Consider using GenericAPIView as view base class, if view is under your control. Either way you may want to add a serializer_class (or method). Ignoring view for now.
?: (drf_spectacular.W002) /home/ubuntu/tadgeeg-main-merge/apps/audit/views_trial_balance.py: Error [GeneralLedgerRiskFindingReviewView]: unable to guess serializer. This is graceful fallback handling for APIViews. Consider using GenericAPIView as view base class, if view is under your control. Either way you may want to add a serializer_class (or method). Ignoring view for now.
?: (drf_spectacular.W002) /home/ubuntu/tadgeeg-main-merge/apps/audit/views_trial_balance.py: Error [GenerateAccountMappingsView]: unable to guess serializer. This is graceful fallback handling for APIViews. Consider using GenericAPIView as view base class, if view is under your control. Either way you may want to add a serializer_class (or method). Ignoring view for now.
?: (drf_spectacular.W002) /home/ubuntu/tadgeeg-main-merge/apps/audit/views_trial_balance.py: Error [SADDetailView]: unable to guess serializer. This is graceful fallback handling for APIViews. Consider using GenericAPIView as view base class, if view is under your control. Either way you may want to add a serializer_class (or method). Ignoring view for now.
?: (drf_spectacular.W002) /home/ubuntu/tadgeeg-main-merge/apps/audit/views_trial_balance.py: Error [SADItemManagementResponseView]: unable to guess serializer. This is graceful fallback handling for APIViews. Consider using GenericAPIView as view base class, if view is under your control. Either way you may want to add a serializer_class (or method). Ignoring view for now.
?: (drf_spectacular.W002) /home/ubuntu/tadgeeg-main-merge/apps/audit/views_trial_balance.py: Error [SADItemProposedAdjustmentView]: unable to guess serializer. This is graceful fallback handling for APIViews. Consider using GenericAPIView as view base class, if view is under your control. Either way you may want to add a serializer_class (or method). Ignoring view for now.
?: (drf_spectacular.W002) /home/ubuntu/tadgeeg-main-merge/apps/audit/views_trial_balance.py: Error [SADItemProposedAdjustmentsView]: unable to guess serializer. This is graceful fallback handling for APIViews. Consider using GenericAPIView as view base class, if view is under your control. Either way you may want to add a serializer_class (or method). Ignoring view for now.
?: (drf_spectacular.W002) /home/ubuntu/tadgeeg-main-merge/apps/audit/views_trial_balance.py: Error [SADItemResponsesView]: unable to guess serializer. This is graceful fallback handling for APIViews. Consider using GenericAPIView as view base class, if view is under your control. Either way you may want to add a serializer_class (or method). Ignoring view for now.
?: (drf_spectacular.W002) /home/ubuntu/tadgeeg-main-merge/apps/audit/views_trial_balance.py: Error [SADItemsView]: unable to guess serializer. This is graceful fallback handling for APIViews. Consider using GenericAPIView as view base class, if view is under your control. Either way you may want to add a serializer_class (or method). Ignoring view for now.
?: (drf_spectacular.W002) /home/ubuntu/tadgeeg-main-merge/apps/audit/views_trial_balance.py: Error [TrialBalanceImportDetailView]: unable to guess serializer. This is graceful fallback handling for APIViews. Consider using GenericAPIView as view base class, if view is under your control. Either way you may want to add a serializer_class (or method). Ignoring view for now.
?: (drf_spectacular.W002) /home/ubuntu/tadgeeg-main-merge/apps/audit/views_trial_balance.py: Error [TrialBalanceImportListCreateView]: unable to guess serializer. This is graceful fallback handling for APIViews. Consider using GenericAPIView as view base class, if view is under your control. Either way you may want to add a serializer_class (or method). Ignoring view for now.
?: (drf_spectacular.W002) /home/ubuntu/tadgeeg-main-merge/apps/auditing/views/accounting_rules_api.py: Error [compare_standards_view]: unable to guess serializer. This is graceful fallback handling for APIViews. Consider using GenericAPIView as view base class, if view is under your control. Either way you may want to add a serializer_class (or method). Ignoring view for now.
?: (drf_spectacular.W002) /home/ubuntu/tadgeeg-main-merge/apps/auditing/views/accounting_rules_api.py: Error [invoice_gaap_evaluation_view]: unable to guess serializer. This is graceful fallback handling for APIViews. Consider using GenericAPIView as view base class, if view is under your control. Either way you may want to add a serializer_class (or method). Ignoring view for now.
?: (drf_spectacular.W002) /home/ubuntu/tadgeeg-main-merge/apps/auditing/views/accounting_rules_api.py: Error [invoice_ifrs_evaluation_view]: unable to guess serializer. This is graceful fallback handling for APIViews. Consider using GenericAPIView as view base class, if view is under your control. Either way you may want to add a serializer_class (or method). Ignoring view for now.
?: (drf_spectacular.W002) /home/ubuntu/tadgeeg-main-merge/apps/auditing/views/accounting_rules_api.py: Error [report_accounting_rules_summary_view]: unable to guess serializer. This is graceful fallback handling for APIViews. Consider using GenericAPIView as view base class, if view is under your control. Either way you may want to add a serializer_class (or method). Ignoring view for now.
?: (drf_spectacular.W002) /home/ubuntu/tadgeeg-main-merge/apps/auditing/views/accounting_rules_api.py: Error [report_failed_rules_view]: unable to guess serializer. This is graceful fallback handling for APIViews. Consider using GenericAPIView as view base class, if view is under your control. Either way you may want to add a serializer_class (or method). Ignoring view for now.
?: (drf_spectacular.W002) /home/ubuntu/tadgeeg-main-merge/apps/authentication/views.py: Error [AuditLogListView]: exception raised while getting serializer. Hint: Is get_serializer_class() returning None or is get_queryset() not working without a request? Ignoring the view for now. (Exception: 'AuditLogListView' should either include a `serializer_class` attribute, or override the `get_serializer_class()` method.)
?: (drf_spectacular.W002) /home/ubuntu/tadgeeg-main-merge/apps/authentication/views.py: Error [ChangePasswordView]: unable to guess serializer. This is graceful fallback handling for APIViews. Consider using GenericAPIView as view base class, if view is under your control. Either way you may want to add a serializer_class (or method). Ignoring view for now.
?: (drf_spectacular.W002) /home/ubuntu/tadgeeg-main-merge/apps/authentication/views.py: Error [CurrentOrganizationView]: unable to guess serializer. This is graceful fallback handling for APIViews. Consider using GenericAPIView as view base class, if view is under your control. Either way you may want to add a serializer_class (or method). Ignoring view for now.
?: (drf_spectacular.W002) /home/ubuntu/tadgeeg-main-merge/apps/authentication/views.py: Error [EmailOTPResendView]: unable to guess serializer. This is graceful fallback handling for APIViews. Consider using GenericAPIView as view base class, if view is under your control. Either way you may want to add a serializer_class (or method). Ignoring view for now.
?: (drf_spectacular.W002) /home/ubuntu/tadgeeg-main-merge/apps/authentication/views.py: Error [EmailOTPVerifyView]: unable to guess serializer. This is graceful fallback handling for APIViews. Consider using GenericAPIView as view base class, if view is under your control. Either way you may want to add a serializer_class (or method). Ignoring view for now.
?: (drf_spectacular.W002) /home/ubuntu/tadgeeg-main-merge/apps/authentication/views.py: Error [GoogleLoginView]: unable to guess serializer. This is graceful fallback handling for APIViews. Consider using GenericAPIView as view base class, if view is under your control. Either way you may want to add a serializer_class (or method). Ignoring view for now.
?: (drf_spectacular.W002) /home/ubuntu/tadgeeg-main-merge/apps/authentication/views.py: Error [LogoutView]: unable to guess serializer. This is graceful fallback handling for APIViews. Consider using GenericAPIView as view base class, if view is under your control. Either way you may want to add a serializer_class (or method). Ignoring view for now.
?: (drf_spectacular.W002) /home/ubuntu/tadgeeg-main-merge/apps/authentication/views.py: Error [MFADisableView]: unable to guess serializer. This is graceful fallback handling for APIViews. Consider using GenericAPIView as view base class, if view is under your control. Either way you may want to add a serializer_class (or method). Ignoring view for now.
?: (drf_spectacular.W002) /home/ubuntu/tadgeeg-main-merge/apps/authentication/views.py: Error [MFALoginVerifyView]: unable to guess serializer. This is graceful fallback handling for APIViews. Consider using GenericAPIView as view base class, if view is under your control. Either way you may want to add a serializer_class (or method). Ignoring view for now.
?: (drf_spectacular.W002) /home/ubuntu/tadgeeg-main-merge/apps/authentication/views.py: Error [MFASetupView]: unable to guess serializer. This is graceful fallback handling for APIViews. Consider using GenericAPIView as view base class, if view is under your control. Either way you may want to add a serializer_class (or method). Ignoring view for now.
?: (drf_spectacular.W002) /home/ubuntu/tadgeeg-main-merge/apps/authentication/views.py: Error [MFAVerifyView]: unable to guess serializer. This is graceful fallback handling for APIViews. Consider using GenericAPIView as view base class, if view is under your control. Either way you may want to add a serializer_class (or method). Ignoring view for now.
?: (drf_spectacular.W002) /home/ubuntu/tadgeeg-main-merge/apps/authentication/views.py: Error [MeView]: unable to guess serializer. This is graceful fallback handling for APIViews. Consider using GenericAPIView as view base class, if view is under your control. Either way you may want to add a serializer_class (or method). Ignoring view for now.
?: (drf_spectacular.W002) /home/ubuntu/tadgeeg-main-merge/apps/authentication/views.py: Error [OrganizationSettingsView]: unable to guess serializer. This is graceful fallback handling for APIViews. Consider using GenericAPIView as view base class, if view is under your control. Either way you may want to add a serializer_class (or method). Ignoring view for now.
?: (drf_spectacular.W002) /home/ubuntu/tadgeeg-main-merge/apps/authentication/views.py: Error [SetPasswordView]: unable to guess serializer. This is graceful fallback handling for APIViews. Consider using GenericAPIView as view base class, if view is under your control. Either way you may want to add a serializer_class (or method). Ignoring view for now.
?: (drf_spectacular.W002) /home/ubuntu/tadgeeg-main-merge/apps/banking/views.py: Error [ConnectionListCreateView]: unable to guess serializer. This is graceful fallback handling for APIViews. Consider using GenericAPIView as view base class, if view is under your control. Either way you may want to add a serializer_class (or method). Ignoring view for now.
?: (drf_spectacular.W002) /home/ubuntu/tadgeeg-main-merge/apps/banking/views.py: Error [ConnectionSyncView]: unable to guess serializer. This is graceful fallback handling for APIViews. Consider using GenericAPIView as view base class, if view is under your control. Either way you may want to add a serializer_class (or method). Ignoring view for now.
?: (drf_spectacular.W002) /home/ubuntu/tadgeeg-main-merge/apps/banking/views.py: Error [ReconciliationActionView]: unable to guess serializer. This is graceful fallback handling for APIViews. Consider using GenericAPIView as view base class, if view is under your control. Either way you may want to add a serializer_class (or method). Ignoring view for now.
?: (drf_spectacular.W002) /home/ubuntu/tadgeeg-main-merge/apps/banking/views.py: Error [ReconciliationListView]: unable to guess serializer. This is graceful fallback handling for APIViews. Consider using GenericAPIView as view base class, if view is under your control. Either way you may want to add a serializer_class (or method). Ignoring view for now.
?: (drf_spectacular.W002) /home/ubuntu/tadgeeg-main-merge/apps/banking/views.py: Error [ReconciliationRunView]: unable to guess serializer. This is graceful fallback handling for APIViews. Consider using GenericAPIView as view base class, if view is under your control. Either way you may want to add a serializer_class (or method). Ignoring view for now.
?: (drf_spectacular.W002) /home/ubuntu/tadgeeg-main-merge/apps/banking/views.py: Error [StatementUploadView]: unable to guess serializer. This is graceful fallback handling for APIViews. Consider using GenericAPIView as view base class, if view is under your control. Either way you may want to add a serializer_class (or method). Ignoring view for now.
?: (drf_spectacular.W002) /home/ubuntu/tadgeeg-main-merge/apps/banking/views.py: Error [TransactionListView]: unable to guess serializer. This is graceful fallback handling for APIViews. Consider using GenericAPIView as view base class, if view is under your control. Either way you may want to add a serializer_class (or method). Ignoring view for now.
?: (drf_spectacular.W002) /home/ubuntu/tadgeeg-main-merge/apps/billing/views.py: Error [BulkUploadPageView]: unable to guess serializer. This is graceful fallback handling for APIViews. Consider using GenericAPIView as view base class, if view is under your control. Either way you may want to add a serializer_class (or method). Ignoring view for now.
?: (drf_spectacular.W002) /home/ubuntu/tadgeeg-main-merge/apps/billing/views.py: Error [CurrentSubscriptionView]: unable to guess serializer. This is graceful fallback handling for APIViews. Consider using GenericAPIView as view base class, if view is under your control. Either way you may want to add a serializer_class (or method). Ignoring view for now.
?: (drf_spectacular.W002) /home/ubuntu/tadgeeg-main-merge/apps/billing/views.py: Error [PaymentHistoryView]: unable to guess serializer. This is graceful fallback handling for APIViews. Consider using GenericAPIView as view base class, if view is under your control. Either way you may want to add a serializer_class (or method). Ignoring view for now.
?: (drf_spectacular.W002) /home/ubuntu/tadgeeg-main-merge/apps/billing/views.py: Error [PlansView]: unable to guess serializer. This is graceful fallback handling for APIViews. Consider using GenericAPIView as view base class, if view is under your control. Either way you may want to add a serializer_class (or method). Ignoring view for now.
?: (drf_spectacular.W002) /home/ubuntu/tadgeeg-main-merge/apps/billing/views.py: Error [SelectPlanView]: unable to guess serializer. This is graceful fallback handling for APIViews. Consider using GenericAPIView as view base class, if view is under your control. Either way you may want to add a serializer_class (or method). Ignoring view for now.
?: (drf_spectacular.W002) /home/ubuntu/tadgeeg-main-merge/apps/billing/views.py: Error [UsagePageView]: unable to guess serializer. This is graceful fallback handling for APIViews. Consider using GenericAPIView as view base class, if view is under your control. Either way you may want to add a serializer_class (or method). Ignoring view for now.
?: (drf_spectacular.W002) /home/ubuntu/tadgeeg-main-merge/apps/billing/views.py: Error [pricing_recommendation]: unable to guess serializer. This is graceful fallback handling for APIViews. Consider using GenericAPIView as view base class, if view is under your control. Either way you may want to add a serializer_class (or method). Ignoring view for now.
?: (drf_spectacular.W002) /home/ubuntu/tadgeeg-main-merge/apps/cms/views.py: Error [AboutSectionView]: unable to guess serializer. This is graceful fallback handling for APIViews. Consider using GenericAPIView as view base class, if view is under your control. Either way you may want to add a serializer_class (or method). Ignoring view for now.
?: (drf_spectacular.W002) /home/ubuntu/tadgeeg-main-merge/apps/cms/views.py: Error [CMSPageArchiveView]: unable to guess serializer. This is graceful fallback handling for APIViews. Consider using GenericAPIView as view base class, if view is under your control. Either way you may want to add a serializer_class (or method). Ignoring view for now.
?: (drf_spectacular.W002) /home/ubuntu/tadgeeg-main-merge/apps/cms/views.py: Error [CMSPageDetailView]: unable to guess serializer. This is graceful fallback handling for APIViews. Consider using GenericAPIView as view base class, if view is under your control. Either way you may want to add a serializer_class (or method). Ignoring view for now.
?: (drf_spectacular.W002) /home/ubuntu/tadgeeg-main-merge/apps/cms/views.py: Error [CMSPageListView]: unable to guess serializer. This is graceful fallback handling for APIViews. Consider using GenericAPIView as view base class, if view is under your control. Either way you may want to add a serializer_class (or method). Ignoring view for now.
?: (drf_spectacular.W002) /home/ubuntu/tadgeeg-main-merge/apps/cms/views.py: Error [CMSPagePublishView]: unable to guess serializer. This is graceful fallback handling for APIViews. Consider using GenericAPIView as view base class, if view is under your control. Either way you may want to add a serializer_class (or method). Ignoring view for now.
?: (drf_spectacular.W002) /home/ubuntu/tadgeeg-main-merge/apps/cms/views.py: Error [FAQCategoryDetailView]: unable to guess serializer. This is graceful fallback handling for APIViews. Consider using GenericAPIView as view base class, if view is under your control. Either way you may want to add a serializer_class (or method). Ignoring view for now.
?: (drf_spectacular.W002) /home/ubuntu/tadgeeg-main-merge/apps/cms/views.py: Error [FAQCategoryListView]: unable to guess serializer. This is graceful fallback handling for APIViews. Consider using GenericAPIView as view base class, if view is under your control. Either way you may want to add a serializer_class (or method). Ignoring view for now.
?: (drf_spectacular.W002) /home/ubuntu/tadgeeg-main-merge/apps/cms/views.py: Error [FAQItemDetailView]: unable to guess serializer. This is graceful fallback handling for APIViews. Consider using GenericAPIView as view base class, if view is under your control. Either way you may want to add a serializer_class (or method). Ignoring view for now.
?: (drf_spectacular.W002) /home/ubuntu/tadgeeg-main-merge/apps/cms/views.py: Error [FAQItemListView]: unable to guess serializer. This is graceful fallback handling for APIViews. Consider using GenericAPIView as view base class, if view is under your control. Either way you may want to add a serializer_class (or method). Ignoring view for now.
?: (drf_spectacular.W002) /home/ubuntu/tadgeeg-main-merge/apps/cms/views.py: Error [HomepageContentView]: unable to guess serializer. This is graceful fallback handling for APIViews. Consider using GenericAPIView as view base class, if view is under your control. Either way you may want to add a serializer_class (or method). Ignoring view for now.
?: (drf_spectacular.W002) /home/ubuntu/tadgeeg-main-merge/apps/cms/views.py: Error [MediaAssetDetailView]: unable to guess serializer. This is graceful fallback handling for APIViews. Consider using GenericAPIView as view base class, if view is under your control. Either way you may want to add a serializer_class (or method). Ignoring view for now.
?: (drf_spectacular.W002) /home/ubuntu/tadgeeg-main-merge/apps/cms/views.py: Error [MediaAssetListView]: unable to guess serializer. This is graceful fallback handling for APIViews. Consider using GenericAPIView as view base class, if view is under your control. Either way you may want to add a serializer_class (or method). Ignoring view for now.
?: (drf_spectacular.W002) /home/ubuntu/tadgeeg-main-merge/apps/cms/views.py: Error [PricingFeatureCreateView]: unable to guess serializer. This is graceful fallback handling for APIViews. Consider using GenericAPIView as view base class, if view is under your control. Either way you may want to add a serializer_class (or method). Ignoring view for now.
?: (drf_spectacular.W002) /home/ubuntu/tadgeeg-main-merge/apps/cms/views.py: Error [PricingFeatureDeleteView]: unable to guess serializer. This is graceful fallback handling for APIViews. Consider using GenericAPIView as view base class, if view is under your control. Either way you may want to add a serializer_class (or method). Ignoring view for now.
?: (drf_spectacular.W002) /home/ubuntu/tadgeeg-main-merge/apps/cms/views.py: Error [PricingPlanDetailView]: unable to guess serializer. This is graceful fallback handling for APIViews. Consider using GenericAPIView as view base class, if view is under your control. Either way you may want to add a serializer_class (or method). Ignoring view for now.
?: (drf_spectacular.W002) /home/ubuntu/tadgeeg-main-merge/apps/cms/views.py: Error [PricingPlanListView]: unable to guess serializer. This is graceful fallback handling for APIViews. Consider using GenericAPIView as view base class, if view is under your control. Either way you may want to add a serializer_class (or method). Ignoring view for now.
?: (drf_spectacular.W002) /home/ubuntu/tadgeeg-main-merge/apps/cms/views.py: Error [SEOSettingDetailView]: unable to guess serializer. This is graceful fallback handling for APIViews. Consider using GenericAPIView as view base class, if view is under your control. Either way you may want to add a serializer_class (or method). Ignoring view for now.
?: (drf_spectacular.W002) /home/ubuntu/tadgeeg-main-merge/apps/cms/views.py: Error [SEOSettingListView]: unable to guess serializer. This is graceful fallback handling for APIViews. Consider using GenericAPIView as view base class, if view is under your control. Either way you may want to add a serializer_class (or method). Ignoring view for now.
?: (drf_spectacular.W002) /home/ubuntu/tadgeeg-main-merge/apps/cms/views.py: Error [ServiceDetailView]: unable to guess serializer. This is graceful fallback handling for APIViews. Consider using GenericAPIView as view base class, if view is under your control. Either way you may want to add a serializer_class (or method). Ignoring view for now.
?: (drf_spectacular.W002) /home/ubuntu/tadgeeg-main-merge/apps/cms/views.py: Error [ServiceListView]: unable to guess serializer. This is graceful fallback handling for APIViews. Consider using GenericAPIView as view base class, if view is under your control. Either way you may want to add a serializer_class (or method). Ignoring view for now.
?: (drf_spectacular.W002) /home/ubuntu/tadgeeg-main-merge/apps/compliance/views.py: Error [ComplianceCheckView]: unable to guess serializer. This is graceful fallback handling for APIViews. Consider using GenericAPIView as view base class, if view is under your control. Either way you may want to add a serializer_class (or method). Ignoring view for now.
?: (drf_spectacular.W002) /home/ubuntu/tadgeeg-main-merge/apps/compliance/views.py: Error [ComplianceDashboardView]: unable to guess serializer. This is graceful fallback handling for APIViews. Consider using GenericAPIView as view base class, if view is under your control. Either way you may want to add a serializer_class (or method). Ignoring view for now.
?: (drf_spectacular.W002) /home/ubuntu/tadgeeg-main-merge/apps/compliance/views.py: Error [ComplianceRuleListView]: unable to guess serializer. This is graceful fallback handling for APIViews. Consider using GenericAPIView as view base class, if view is under your control. Either way you may want to add a serializer_class (or method). Ignoring view for now.
?: (drf_spectacular.W002) /home/ubuntu/tadgeeg-main-merge/apps/compliance/views.py: Error [ComplianceViolationListView]: unable to guess serializer. This is graceful fallback handling for APIViews. Consider using GenericAPIView as view base class, if view is under your control. Either way you may want to add a serializer_class (or method). Ignoring view for now.
?: (drf_spectacular.W002) /home/ubuntu/tadgeeg-main-merge/apps/compliance/views.py: Error [ResolveComplianceViolationView]: unable to guess serializer. This is graceful fallback handling for APIViews. Consider using GenericAPIView as view base class, if view is under your control. Either way you may want to add a serializer_class (or method). Ignoring view for now.
?: (drf_spectacular.W002) /home/ubuntu/tadgeeg-main-merge/apps/compliance/views.py: Error [VatComplianceView]: unable to guess serializer. This is graceful fallback handling for APIViews. Consider using GenericAPIView as view base class, if view is under your control. Either way you may want to add a serializer_class (or method). Ignoring view for now.
?: (drf_spectacular.W002) /home/ubuntu/tadgeeg-main-merge/apps/data_export/views.py: Error [DataExportDownloadView]: unable to guess serializer. This is graceful fallback handling for APIViews. Consider using GenericAPIView as view base class, if view is under your control. Either way you may want to add a serializer_class (or method). Ignoring view for now.
?: (drf_spectacular.W002) /home/ubuntu/tadgeeg-main-merge/apps/data_export/views.py: Error [DataExportRequestView]: unable to guess serializer. This is graceful fallback handling for APIViews. Consider using GenericAPIView as view base class, if view is under your control. Either way you may want to add a serializer_class (or method). Ignoring view for now.
?: (drf_spectacular.W002) /home/ubuntu/tadgeeg-main-merge/apps/documents/bulk_upload_views.py: Error [BulkUploadJobDetailView]: unable to guess serializer. This is graceful fallback handling for APIViews. Consider using GenericAPIView as view base class, if view is under your control. Either way you may want to add a serializer_class (or method). Ignoring view for now.
?: (drf_spectacular.W002) /home/ubuntu/tadgeeg-main-merge/apps/documents/bulk_upload_views.py: Error [BulkUploadJobListCreateView]: unable to guess serializer. This is graceful fallback handling for APIViews. Consider using GenericAPIView as view base class, if view is under your control. Either way you may want to add a serializer_class (or method). Ignoring view for now.
?: (drf_spectacular.W002) /home/ubuntu/tadgeeg-main-merge/apps/documents/bulk_upload_views.py: Error [BulkUploadJobRetryFailedView]: unable to guess serializer. This is graceful fallback handling for APIViews. Consider using GenericAPIView as view base class, if view is under your control. Either way you may want to add a serializer_class (or method). Ignoring view for now.
?: (drf_spectacular.W002) /home/ubuntu/tadgeeg-main-merge/apps/documents/typed_views.py: Error [DocumentStatsView]: unable to guess serializer. This is graceful fallback handling for APIViews. Consider using GenericAPIView as view base class, if view is under your control. Either way you may want to add a serializer_class (or method). Ignoring view for now.
?: (drf_spectacular.W002) /home/ubuntu/tadgeeg-main-merge/apps/documents/typed_views.py: Error [PurchaseOrderApproveView]: unable to guess serializer. This is graceful fallback handling for APIViews. Consider using GenericAPIView as view base class, if view is under your control. Either way you may want to add a serializer_class (or method). Ignoring view for now.
?: (drf_spectacular.W002) /home/ubuntu/tadgeeg-main-merge/apps/documents/typed_views.py: Error [TypedDocumentUploadView]: unable to guess serializer. This is graceful fallback handling for APIViews. Consider using GenericAPIView as view base class, if view is under your control. Either way you may want to add a serializer_class (or method). Ignoring view for now.
?: (drf_spectacular.W002) /home/ubuntu/tadgeeg-main-merge/apps/documents/views.py: Error [DocumentAnalyseView]: unable to guess serializer. This is graceful fallback handling for APIViews. Consider using GenericAPIView as view base class, if view is under your control. Either way you may want to add a serializer_class (or method). Ignoring view for now.
?: (drf_spectacular.W002) /home/ubuntu/tadgeeg-main-merge/apps/documents/views.py: Error [DocumentDownloadView]: unable to guess serializer. This is graceful fallback handling for APIViews. Consider using GenericAPIView as view base class, if view is under your control. Either way you may want to add a serializer_class (or method). Ignoring view for now.
?: (drf_spectacular.W002) /home/ubuntu/tadgeeg-main-merge/apps/documents/views.py: Error [DocumentProcessView]: unable to guess serializer. This is graceful fallback handling for APIViews. Consider using GenericAPIView as view base class, if view is under your control. Either way you may want to add a serializer_class (or method). Ignoring view for now.
?: (drf_spectacular.W002) /home/ubuntu/tadgeeg-main-merge/apps/documents/views.py: Error [DocumentValidateView]: unable to guess serializer. This is graceful fallback handling for APIViews. Consider using GenericAPIView as view base class, if view is under your control. Either way you may want to add a serializer_class (or method). Ignoring view for now.
?: (drf_spectacular.W002) /home/ubuntu/tadgeeg-main-merge/apps/invoices/views.py: Error [DuplicateInvoiceReportView]: unable to guess serializer. This is graceful fallback handling for APIViews. Consider using GenericAPIView as view base class, if view is under your control. Either way you may want to add a serializer_class (or method). Ignoring view for now.
?: (drf_spectacular.W002) /home/ubuntu/tadgeeg-main-merge/apps/invoices/views.py: Error [HighRiskVendorListView]: unable to guess serializer. This is graceful fallback handling for APIViews. Consider using GenericAPIView as view base class, if view is under your control. Either way you may want to add a serializer_class (or method). Ignoring view for now.
?: (drf_spectacular.W002) /home/ubuntu/tadgeeg-main-merge/apps/invoices/views.py: Error [InvoiceApproveView]: unable to guess serializer. This is graceful fallback handling for APIViews. Consider using GenericAPIView as view base class, if view is under your control. Either way you may want to add a serializer_class (or method). Ignoring view for now.
?: (drf_spectacular.W002) /home/ubuntu/tadgeeg-main-merge/apps/invoices/views.py: Error [InvoiceBatchDetailView]: unable to guess serializer. This is graceful fallback handling for APIViews. Consider using GenericAPIView as view base class, if view is under your control. Either way you may want to add a serializer_class (or method). Ignoring view for now.
?: (drf_spectacular.W002) /home/ubuntu/tadgeeg-main-merge/apps/invoices/views.py: Error [InvoiceBulkActionView]: unable to guess serializer. This is graceful fallback handling for APIViews. Consider using GenericAPIView as view base class, if view is under your control. Either way you may want to add a serializer_class (or method). Ignoring view for now.
?: (drf_spectacular.W002) /home/ubuntu/tadgeeg-main-merge/apps/invoices/views.py: Error [InvoiceDownloadView]: unable to guess serializer. This is graceful fallback handling for APIViews. Consider using GenericAPIView as view base class, if view is under your control. Either way you may want to add a serializer_class (or method). Ignoring view for now.
?: (drf_spectacular.W002) /home/ubuntu/tadgeeg-main-merge/apps/invoices/views.py: Error [InvoiceEscalateView]: unable to guess serializer. This is graceful fallback handling for APIViews. Consider using GenericAPIView as view base class, if view is under your control. Either way you may want to add a serializer_class (or method). Ignoring view for now.
?: (drf_spectacular.W002) /home/ubuntu/tadgeeg-main-merge/apps/invoices/views.py: Error [InvoiceManualReviewView]: unable to guess serializer. This is graceful fallback handling for APIViews. Consider using GenericAPIView as view base class, if view is under your control. Either way you may want to add a serializer_class (or method). Ignoring view for now.
?: (drf_spectacular.W002) /home/ubuntu/tadgeeg-main-merge/apps/invoices/views.py: Error [InvoiceRevalidateView]: unable to guess serializer. This is graceful fallback handling for APIViews. Consider using GenericAPIView as view base class, if view is under your control. Either way you may want to add a serializer_class (or method). Ignoring view for now.
?: (drf_spectacular.W002) /home/ubuntu/tadgeeg-main-merge/apps/invoices/views.py: Error [InvoiceRiskReportView]: unable to guess serializer. This is graceful fallback handling for APIViews. Consider using GenericAPIView as view base class, if view is under your control. Either way you may want to add a serializer_class (or method). Ignoring view for now.
?: (drf_spectacular.W002) /home/ubuntu/tadgeeg-main-merge/apps/invoices/views.py: Error [InvoiceUploadView]: unable to guess serializer. This is graceful fallback handling for APIViews. Consider using GenericAPIView as view base class, if view is under your control. Either way you may want to add a serializer_class (or method). Ignoring view for now.
?: (drf_spectacular.W002) /home/ubuntu/tadgeeg-main-merge/apps/invoices/views.py: Error [SpendAnalysisReportView]: unable to guess serializer. This is graceful fallback handling for APIViews. Consider using GenericAPIView as view base class, if view is under your control. Either way you may want to add a serializer_class (or method). Ignoring view for now.
?: (drf_spectacular.W002) /home/ubuntu/tadgeeg-main-merge/apps/invoices/views.py: Error [ValidationRulesListView]: unable to guess serializer. This is graceful fallback handling for APIViews. Consider using GenericAPIView as view base class, if view is under your control. Either way you may want to add a serializer_class (or method). Ignoring view for now.
?: (drf_spectacular.W002) /home/ubuntu/tadgeeg-main-merge/apps/invoices/views.py: Error [VendorDetailView]: unable to guess serializer. This is graceful fallback handling for APIViews. Consider using GenericAPIView as view base class, if view is under your control. Either way you may want to add a serializer_class (or method). Ignoring view for now.
?: (drf_spectacular.W002) /home/ubuntu/tadgeeg-main-merge/apps/invoices/views.py: Error [VendorListView]: unable to guess serializer. This is graceful fallback handling for APIViews. Consider using GenericAPIView as view base class, if view is under your control. Either way you may want to add a serializer_class (or method). Ignoring view for now.
?: (drf_spectacular.W002) /home/ubuntu/tadgeeg-main-merge/apps/invoices/views.py: Error [VendorRiskReportView]: unable to guess serializer. This is graceful fallback handling for APIViews. Consider using GenericAPIView as view base class, if view is under your control. Either way you may want to add a serializer_class (or method). Ignoring view for now.
?: (drf_spectacular.W002) /home/ubuntu/tadgeeg-main-merge/apps/leads/views.py: Error [AdminLeadAssignView]: unable to guess serializer. This is graceful fallback handling for APIViews. Consider using GenericAPIView as view base class, if view is under your control. Either way you may want to add a serializer_class (or method). Ignoring view for now.
?: (drf_spectacular.W002) /home/ubuntu/tadgeeg-main-merge/apps/leads/views.py: Error [AdminLeadDetailView]: unable to guess serializer. This is graceful fallback handling for APIViews. Consider using GenericAPIView as view base class, if view is under your control. Either way you may want to add a serializer_class (or method). Ignoring view for now.
?: (drf_spectacular.W002) /home/ubuntu/tadgeeg-main-merge/apps/leads/views.py: Error [AdminLeadListView]: unable to guess serializer. This is graceful fallback handling for APIViews. Consider using GenericAPIView as view base class, if view is under your control. Either way you may want to add a serializer_class (or method). Ignoring view for now.
?: (drf_spectacular.W002) /home/ubuntu/tadgeeg-main-merge/apps/leads/views.py: Error [AdminLeadMarkReadView]: unable to guess serializer. This is graceful fallback handling for APIViews. Consider using GenericAPIView as view base class, if view is under your control. Either way you may want to add a serializer_class (or method). Ignoring view for now.
?: (drf_spectacular.W002) /home/ubuntu/tadgeeg-main-merge/apps/leads/views.py: Error [AdminLeadNoteListView]: unable to guess serializer. This is graceful fallback handling for APIViews. Consider using GenericAPIView as view base class, if view is under your control. Either way you may want to add a serializer_class (or method). Ignoring view for now.
?: (drf_spectacular.W002) /home/ubuntu/tadgeeg-main-merge/apps/leads/views.py: Error [AdminLeadSpamView]: unable to guess serializer. This is graceful fallback handling for APIViews. Consider using GenericAPIView as view base class, if view is under your control. Either way you may want to add a serializer_class (or method). Ignoring view for now.
?: (drf_spectacular.W002) /home/ubuntu/tadgeeg-main-merge/apps/leads/views.py: Error [AdminLeadStatusView]: unable to guess serializer. This is graceful fallback handling for APIViews. Consider using GenericAPIView as view base class, if view is under your control. Either way you may want to add a serializer_class (or method). Ignoring view for now.
?: (drf_spectacular.W002) /home/ubuntu/tadgeeg-main-merge/apps/leads/views.py: Error [LeadStatsView]: unable to guess serializer. This is graceful fallback handling for APIViews. Consider using GenericAPIView as view base class, if view is under your control. Either way you may want to add a serializer_class (or method). Ignoring view for now.
?: (drf_spectacular.W002) /home/ubuntu/tadgeeg-main-merge/apps/ledger/views.py: Error [AccountListView]: unable to guess serializer. This is graceful fallback handling for APIViews. Consider using GenericAPIView as view base class, if view is under your control. Either way you may want to add a serializer_class (or method). Ignoring view for now.
?: (drf_spectacular.W002) /home/ubuntu/tadgeeg-main-merge/apps/ledger/views.py: Error [ExchangeRateView]: unable to guess serializer. This is graceful fallback handling for APIViews. Consider using GenericAPIView as view base class, if view is under your control. Either way you may want to add a serializer_class (or method). Ignoring view for now.
?: (drf_spectacular.W002) /home/ubuntu/tadgeeg-main-merge/apps/ledger/views.py: Error [GeneralLedgerView]: unable to guess serializer. This is graceful fallback handling for APIViews. Consider using GenericAPIView as view base class, if view is under your control. Either way you may want to add a serializer_class (or method). Ignoring view for now.
?: (drf_spectacular.W002) /home/ubuntu/tadgeeg-main-merge/apps/ledger/views.py: Error [JournalEntryDetailView]: unable to guess serializer. This is graceful fallback handling for APIViews. Consider using GenericAPIView as view base class, if view is under your control. Either way you may want to add a serializer_class (or method). Ignoring view for now.
?: (drf_spectacular.W002) /home/ubuntu/tadgeeg-main-merge/apps/ledger/views.py: Error [JournalEntryListCreateView]: unable to guess serializer. This is graceful fallback handling for APIViews. Consider using GenericAPIView as view base class, if view is under your control. Either way you may want to add a serializer_class (or method). Ignoring view for now.
?: (drf_spectacular.W002) /home/ubuntu/tadgeeg-main-merge/apps/ledger/views.py: Error [JournalEntryVoidView]: unable to guess serializer. This is graceful fallback handling for APIViews. Consider using GenericAPIView as view base class, if view is under your control. Either way you may want to add a serializer_class (or method). Ignoring view for now.
?: (drf_spectacular.W002) /home/ubuntu/tadgeeg-main-merge/apps/ledger/views.py: Error [PeriodCloseView]: unable to guess serializer. This is graceful fallback handling for APIViews. Consider using GenericAPIView as view base class, if view is under your control. Either way you may want to add a serializer_class (or method). Ignoring view for now.
?: (drf_spectacular.W002) /home/ubuntu/tadgeeg-main-merge/apps/ledger/views.py: Error [PeriodListCreateView]: unable to guess serializer. This is graceful fallback handling for APIViews. Consider using GenericAPIView as view base class, if view is under your control. Either way you may want to add a serializer_class (or method). Ignoring view for now.
?: (drf_spectacular.W002) /home/ubuntu/tadgeeg-main-merge/apps/ledger/views.py: Error [PeriodLockView]: unable to guess serializer. This is graceful fallback handling for APIViews. Consider using GenericAPIView as view base class, if view is under your control. Either way you may want to add a serializer_class (or method). Ignoring view for now.
?: (drf_spectacular.W002) /home/ubuntu/tadgeeg-main-merge/apps/ledger/views.py: Error [PeriodReopenView]: unable to guess serializer. This is graceful fallback handling for APIViews. Consider using GenericAPIView as view base class, if view is under your control. Either way you may want to add a serializer_class (or method). Ignoring view for now.
?: (drf_spectacular.W002) /home/ubuntu/tadgeeg-main-merge/apps/ledger/views.py: Error [PostInvoiceToGLView]: unable to guess serializer. This is graceful fallback handling for APIViews. Consider using GenericAPIView as view base class, if view is under your control. Either way you may want to add a serializer_class (or method). Ignoring view for now.
?: (drf_spectacular.W002) /home/ubuntu/tadgeeg-main-merge/apps/ledger/views.py: Error [TaxComputeView]: unable to guess serializer. This is graceful fallback handling for APIViews. Consider using GenericAPIView as view base class, if view is under your control. Either way you may want to add a serializer_class (or method). Ignoring view for now.
?: (drf_spectacular.W002) /home/ubuntu/tadgeeg-main-merge/apps/ledger/views.py: Error [TaxJurisdictionsView]: unable to guess serializer. This is graceful fallback handling for APIViews. Consider using GenericAPIView as view base class, if view is under your control. Either way you may want to add a serializer_class (or method). Ignoring view for now.
?: (drf_spectacular.W002) /home/ubuntu/tadgeeg-main-merge/apps/ledger/views.py: Error [TaxValidateView]: unable to guess serializer. This is graceful fallback handling for APIViews. Consider using GenericAPIView as view base class, if view is under your control. Either way you may want to add a serializer_class (or method). Ignoring view for now.
?: (drf_spectacular.W002) /home/ubuntu/tadgeeg-main-merge/apps/ledger/views.py: Error [TrialBalanceView]: unable to guess serializer. This is graceful fallback handling for APIViews. Consider using GenericAPIView as view base class, if view is under your control. Either way you may want to add a serializer_class (or method). Ignoring view for now.
?: (drf_spectacular.W002) /home/ubuntu/tadgeeg-main-merge/apps/partners/views.py: Error [PartnerApplicationAttachmentDownloadView]: unable to guess serializer. This is graceful fallback handling for APIViews. Consider using GenericAPIView as view base class, if view is under your control. Either way you may want to add a serializer_class (or method). Ignoring view for now.
?: (drf_spectacular.W002) /home/ubuntu/tadgeeg-main-merge/apps/partners/views.py: Error [PartnerApplicationSubmitView]: unable to guess serializer. This is graceful fallback handling for APIViews. Consider using GenericAPIView as view base class, if view is under your control. Either way you may want to add a serializer_class (or method). Ignoring view for now.
?: (drf_spectacular.W002) /home/ubuntu/tadgeeg-main-merge/apps/payments/views.py: Error [CreatePaymentView]: unable to guess serializer. This is graceful fallback handling for APIViews. Consider using GenericAPIView as view base class, if view is under your control. Either way you may want to add a serializer_class (or method). Ignoring view for now.
?: (drf_spectacular.W002) /home/ubuntu/tadgeeg-main-merge/apps/payments/views.py: Error [PaymentCallbackView]: unable to guess serializer. This is graceful fallback handling for APIViews. Consider using GenericAPIView as view base class, if view is under your control. Either way you may want to add a serializer_class (or method). Ignoring view for now.
?: (drf_spectacular.W002) /home/ubuntu/tadgeeg-main-merge/apps/payments/views.py: Error [PaymentDetailView]: unable to guess serializer. This is graceful fallback handling for APIViews. Consider using GenericAPIView as view base class, if view is under your control. Either way you may want to add a serializer_class (or method). Ignoring view for now.
?: (drf_spectacular.W002) /home/ubuntu/tadgeeg-main-merge/apps/payments/views.py: Error [PaymentRefundView]: unable to guess serializer. This is graceful fallback handling for APIViews. Consider using GenericAPIView as view base class, if view is under your control. Either way you may want to add a serializer_class (or method). Ignoring view for now.
?: (drf_spectacular.W002) /home/ubuntu/tadgeeg-main-merge/apps/payments/views.py: Error [PaymentSyncView]: unable to guess serializer. This is graceful fallback handling for APIViews. Consider using GenericAPIView as view base class, if view is under your control. Either way you may want to add a serializer_class (or method). Ignoring view for now.
?: (drf_spectacular.W002) /home/ubuntu/tadgeeg-main-merge/apps/payments/views.py: Error [webhook_moyasar]: unable to guess serializer. This is graceful fallback handling for APIViews. Consider using GenericAPIView as view base class, if view is under your control. Either way you may want to add a serializer_class (or method). Ignoring view for now.
?: (drf_spectacular.W002) /home/ubuntu/tadgeeg-main-merge/apps/payments/views.py: Error [webhook_tap]: unable to guess serializer. This is graceful fallback handling for APIViews. Consider using GenericAPIView as view base class, if view is under your control. Either way you may want to add a serializer_class (or method). Ignoring view for now.
?: (drf_spectacular.W002) /home/ubuntu/tadgeeg-main-merge/apps/payments/views.py: Error [webhook_telr]: unable to guess serializer. This is graceful fallback handling for APIViews. Consider using GenericAPIView as view base class, if view is under your control. Either way you may want to add a serializer_class (or method). Ignoring view for now.
?: (drf_spectacular.W002) /home/ubuntu/tadgeeg-main-merge/apps/platform_admin/api_views.py: Error [BillingPolicyView]: unable to guess serializer. This is graceful fallback handling for APIViews. Consider using GenericAPIView as view base class, if view is under your control. Either way you may want to add a serializer_class (or method). Ignoring view for now.
?: (drf_spectacular.W002) /home/ubuntu/tadgeeg-main-merge/apps/platform_admin/api_views.py: Error [PartnerApplicationDetailView]: unable to guess serializer. This is graceful fallback handling for APIViews. Consider using GenericAPIView as view base class, if view is under your control. Either way you may want to add a serializer_class (or method). Ignoring view for now.
?: (drf_spectacular.W002) /home/ubuntu/tadgeeg-main-merge/apps/platform_admin/api_views.py: Error [PartnerApplicationExportPdfView]: unable to guess serializer. This is graceful fallback handling for APIViews. Consider using GenericAPIView as view base class, if view is under your control. Either way you may want to add a serializer_class (or method). Ignoring view for now.
?: (drf_spectacular.W002) /home/ubuntu/tadgeeg-main-merge/apps/platform_admin/api_views.py: Error [PartnerApplicationExportXlsxView]: unable to guess serializer. This is graceful fallback handling for APIViews. Consider using GenericAPIView as view base class, if view is under your control. Either way you may want to add a serializer_class (or method). Ignoring view for now.
?: (drf_spectacular.W002) /home/ubuntu/tadgeeg-main-merge/apps/platform_admin/api_views.py: Error [PartnerApplicationListView]: unable to guess serializer. This is graceful fallback handling for APIViews. Consider using GenericAPIView as view base class, if view is under your control. Either way you may want to add a serializer_class (or method). Ignoring view for now.
?: (drf_spectacular.W002) /home/ubuntu/tadgeeg-main-merge/apps/platform_admin/api_views.py: Error [PartnerApplicationNoteView]: unable to guess serializer. This is graceful fallback handling for APIViews. Consider using GenericAPIView as view base class, if view is under your control. Either way you may want to add a serializer_class (or method). Ignoring view for now.
?: (drf_spectacular.W002) /home/ubuntu/tadgeeg-main-merge/apps/platform_admin/api_views.py: Error [PartnerApplicationTransitionView]: unable to guess serializer. This is graceful fallback handling for APIViews. Consider using GenericAPIView as view base class, if view is under your control. Either way you may want to add a serializer_class (or method). Ignoring view for now.
?: (drf_spectacular.W002) /home/ubuntu/tadgeeg-main-merge/apps/platform_admin/api_views.py: Error [PartnerDetailView]: unable to guess serializer. This is graceful fallback handling for APIViews. Consider using GenericAPIView as view base class, if view is under your control. Either way you may want to add a serializer_class (or method). Ignoring view for now.
?: (drf_spectacular.W002) /home/ubuntu/tadgeeg-main-merge/apps/platform_admin/api_views.py: Error [PartnerHideView]: unable to guess serializer. This is graceful fallback handling for APIViews. Consider using GenericAPIView as view base class, if view is under your control. Either way you may want to add a serializer_class (or method). Ignoring view for now.
?: (drf_spectacular.W002) /home/ubuntu/tadgeeg-main-merge/apps/platform_admin/api_views.py: Error [PartnerListCreateView]: unable to guess serializer. This is graceful fallback handling for APIViews. Consider using GenericAPIView as view base class, if view is under your control. Either way you may want to add a serializer_class (or method). Ignoring view for now.
?: (drf_spectacular.W002) /home/ubuntu/tadgeeg-main-merge/apps/platform_admin/api_views.py: Error [PartnerPublishView]: unable to guess serializer. This is graceful fallback handling for APIViews. Consider using GenericAPIView as view base class, if view is under your control. Either way you may want to add a serializer_class (or method). Ignoring view for now.
?: (drf_spectacular.W002) /home/ubuntu/tadgeeg-main-merge/apps/platform_admin/api_views.py: Error [PartnerReorderView]: unable to guess serializer. This is graceful fallback handling for APIViews. Consider using GenericAPIView as view base class, if view is under your control. Either way you may want to add a serializer_class (or method). Ignoring view for now.
?: (drf_spectacular.W002) /home/ubuntu/tadgeeg-main-merge/apps/platform_admin/api_views.py: Error [PlatformActivityLogStatsView]: unable to guess serializer. This is graceful fallback handling for APIViews. Consider using GenericAPIView as view base class, if view is under your control. Either way you may want to add a serializer_class (or method). Ignoring view for now.
?: (drf_spectacular.W002) /home/ubuntu/tadgeeg-main-merge/apps/platform_admin/api_views.py: Error [PlatformCMSPageStatsView]: unable to guess serializer. This is graceful fallback handling for APIViews. Consider using GenericAPIView as view base class, if view is under your control. Either way you may want to add a serializer_class (or method). Ignoring view for now.
?: (drf_spectacular.W002) /home/ubuntu/tadgeeg-main-merge/apps/platform_admin/api_views.py: Error [PlatformDashboardStatsView]: unable to guess serializer. This is graceful fallback handling for APIViews. Consider using GenericAPIView as view base class, if view is under your control. Either way you may want to add a serializer_class (or method). Ignoring view for now.
?: (drf_spectacular.W002) /home/ubuntu/tadgeeg-main-merge/apps/platform_admin/api_views.py: Error [PlatformFAQCompatView]: unable to guess serializer. This is graceful fallback handling for APIViews. Consider using GenericAPIView as view base class, if view is under your control. Either way you may want to add a serializer_class (or method). Ignoring view for now.
?: (drf_spectacular.W002) /home/ubuntu/tadgeeg-main-merge/apps/platform_admin/api_views.py: Error [PlatformIntroVideoCompatView]: unable to guess serializer. This is graceful fallback handling for APIViews. Consider using GenericAPIView as view base class, if view is under your control. Either way you may want to add a serializer_class (or method). Ignoring view for now.
?: (drf_spectacular.W002) /home/ubuntu/tadgeeg-main-merge/apps/platform_admin/api_views.py: Error [PlatformMarkAllLeadsReadView]: unable to guess serializer. This is graceful fallback handling for APIViews. Consider using GenericAPIView as view base class, if view is under your control. Either way you may want to add a serializer_class (or method). Ignoring view for now.
?: (drf_spectacular.W002) /home/ubuntu/tadgeeg-main-merge/apps/platform_admin/api_views.py: Error [PlatformMonitoringErrorsView]: unable to guess serializer. This is graceful fallback handling for APIViews. Consider using GenericAPIView as view base class, if view is under your control. Either way you may want to add a serializer_class (or method). Ignoring view for now.
?: (drf_spectacular.W002) /home/ubuntu/tadgeeg-main-merge/apps/platform_admin/api_views.py: Error [PlatformMonitoringHealthView]: unable to guess serializer. This is graceful fallback handling for APIViews. Consider using GenericAPIView as view base class, if view is under your control. Either way you may want to add a serializer_class (or method). Ignoring view for now.
?: (drf_spectacular.W002) /home/ubuntu/tadgeeg-main-merge/apps/platform_admin/api_views.py: Error [PlatformMonitoringMetricsView]: unable to guess serializer. This is graceful fallback handling for APIViews. Consider using GenericAPIView as view base class, if view is under your control. Either way you may want to add a serializer_class (or method). Ignoring view for now.
?: (drf_spectacular.W002) /home/ubuntu/tadgeeg-main-merge/apps/platform_admin/api_views.py: Error [PlatformOrganizationDetailView]: unable to guess serializer. This is graceful fallback handling for APIViews. Consider using GenericAPIView as view base class, if view is under your control. Either way you may want to add a serializer_class (or method). Ignoring view for now.
?: (drf_spectacular.W002) /home/ubuntu/tadgeeg-main-merge/apps/platform_admin/api_views.py: Error [PlatformOrganizationListView]: unable to guess serializer. This is graceful fallback handling for APIViews. Consider using GenericAPIView as view base class, if view is under your control. Either way you may want to add a serializer_class (or method). Ignoring view for now.
?: (drf_spectacular.W002) /home/ubuntu/tadgeeg-main-merge/apps/platform_admin/api_views.py: Error [PlatformSEOCompatView]: unable to guess serializer. This is graceful fallback handling for APIViews. Consider using GenericAPIView as view base class, if view is under your control. Either way you may want to add a serializer_class (or method). Ignoring view for now.
?: (drf_spectacular.W002) /home/ubuntu/tadgeeg-main-merge/apps/platform_admin/api_views.py: Error [PlatformSettingDetailView]: unable to guess serializer. This is graceful fallback handling for APIViews. Consider using GenericAPIView as view base class, if view is under your control. Either way you may want to add a serializer_class (or method). Ignoring view for now.
?: (drf_spectacular.W002) /home/ubuntu/tadgeeg-main-merge/apps/platform_admin/api_views.py: Error [PlatformSettingListView]: unable to guess serializer. This is graceful fallback handling for APIViews. Consider using GenericAPIView as view base class, if view is under your control. Either way you may want to add a serializer_class (or method). Ignoring view for now.
?: (drf_spectacular.W002) /home/ubuntu/tadgeeg-main-merge/apps/platform_admin/api_views.py: Error [TrialUserConvertView]: unable to guess serializer. This is graceful fallback handling for APIViews. Consider using GenericAPIView as view base class, if view is under your control. Either way you may want to add a serializer_class (or method). Ignoring view for now.
?: (drf_spectacular.W002) /home/ubuntu/tadgeeg-main-merge/apps/platform_admin/api_views.py: Error [TrialUsersExportPdfView]: unable to guess serializer. This is graceful fallback handling for APIViews. Consider using GenericAPIView as view base class, if view is under your control. Either way you may want to add a serializer_class (or method). Ignoring view for now.
?: (drf_spectacular.W002) /home/ubuntu/tadgeeg-main-merge/apps/platform_admin/api_views.py: Error [TrialUsersExportXlsxView]: unable to guess serializer. This is graceful fallback handling for APIViews. Consider using GenericAPIView as view base class, if view is under your control. Either way you may want to add a serializer_class (or method). Ignoring view for now.
?: (drf_spectacular.W002) /home/ubuntu/tadgeeg-main-merge/apps/platform_admin/api_views.py: Error [TrialUsersListView]: unable to guess serializer. This is graceful fallback handling for APIViews. Consider using GenericAPIView as view base class, if view is under your control. Either way you may want to add a serializer_class (or method). Ignoring view for now.
?: (drf_spectacular.W002) /home/ubuntu/tadgeeg-main-merge/apps/platform_admin/api_views.py: Error [TrialUsersSummaryView]: unable to guess serializer. This is graceful fallback handling for APIViews. Consider using GenericAPIView as view base class, if view is under your control. Either way you may want to add a serializer_class (or method). Ignoring view for now.
?: (drf_spectacular.W002) /home/ubuntu/tadgeeg-main-merge/apps/procurement/views.py: Error [RequisitionApproveView]: unable to guess serializer. This is graceful fallback handling for APIViews. Consider using GenericAPIView as view base class, if view is under your control. Either way you may want to add a serializer_class (or method). Ignoring view for now.
?: (drf_spectacular.W002) /home/ubuntu/tadgeeg-main-merge/apps/procurement/views.py: Error [RequisitionConvertView]: unable to guess serializer. This is graceful fallback handling for APIViews. Consider using GenericAPIView as view base class, if view is under your control. Either way you may want to add a serializer_class (or method). Ignoring view for now.
?: (drf_spectacular.W002) /home/ubuntu/tadgeeg-main-merge/apps/procurement/views.py: Error [RequisitionDetailView]: unable to guess serializer. This is graceful fallback handling for APIViews. Consider using GenericAPIView as view base class, if view is under your control. Either way you may want to add a serializer_class (or method). Ignoring view for now.
?: (drf_spectacular.W002) /home/ubuntu/tadgeeg-main-merge/apps/procurement/views.py: Error [RequisitionListCreateView]: unable to guess serializer. This is graceful fallback handling for APIViews. Consider using GenericAPIView as view base class, if view is under your control. Either way you may want to add a serializer_class (or method). Ignoring view for now.
?: (drf_spectacular.W002) /home/ubuntu/tadgeeg-main-merge/apps/procurement/views.py: Error [RequisitionRejectView]: unable to guess serializer. This is graceful fallback handling for APIViews. Consider using GenericAPIView as view base class, if view is under your control. Either way you may want to add a serializer_class (or method). Ignoring view for now.
?: (drf_spectacular.W002) /home/ubuntu/tadgeeg-main-merge/apps/procurement/views.py: Error [RequisitionSubmitView]: unable to guess serializer. This is graceful fallback handling for APIViews. Consider using GenericAPIView as view base class, if view is under your control. Either way you may want to add a serializer_class (or method). Ignoring view for now.
?: (drf_spectacular.W002) /home/ubuntu/tadgeeg-main-merge/apps/procurement/views.py: Error [ThreeWayListView]: unable to guess serializer. This is graceful fallback handling for APIViews. Consider using GenericAPIView as view base class, if view is under your control. Either way you may want to add a serializer_class (or method). Ignoring view for now.
?: (drf_spectacular.W002) /home/ubuntu/tadgeeg-main-merge/apps/procurement/views.py: Error [ThreeWayRunView]: unable to guess serializer. This is graceful fallback handling for APIViews. Consider using GenericAPIView as view base class, if view is under your control. Either way you may want to add a serializer_class (or method). Ignoring view for now.
?: (drf_spectacular.W002) /home/ubuntu/tadgeeg-main-merge/apps/reports/document_views.py: Error [DocumentReportDetailView]: unable to guess serializer. This is graceful fallback handling for APIViews. Consider using GenericAPIView as view base class, if view is under your control. Either way you may want to add a serializer_class (or method). Ignoring view for now.
?: (drf_spectacular.W002) /home/ubuntu/tadgeeg-main-merge/apps/reports/document_views.py: Error [DocumentReportGenerateView]: unable to guess serializer. This is graceful fallback handling for APIViews. Consider using GenericAPIView as view base class, if view is under your control. Either way you may want to add a serializer_class (or method). Ignoring view for now.
?: (drf_spectacular.W002) /home/ubuntu/tadgeeg-main-merge/apps/reports/document_views.py: Error [DocumentReportHTMLView]: unable to guess serializer. This is graceful fallback handling for APIViews. Consider using GenericAPIView as view base class, if view is under your control. Either way you may want to add a serializer_class (or method). Ignoring view for now.
?: (drf_spectacular.W002) /home/ubuntu/tadgeeg-main-merge/apps/reports/document_views.py: Error [DocumentReportPDFView]: unable to guess serializer. This is graceful fallback handling for APIViews. Consider using GenericAPIView as view base class, if view is under your control. Either way you may want to add a serializer_class (or method). Ignoring view for now.
?: (drf_spectacular.W002) /home/ubuntu/tadgeeg-main-merge/apps/reports/document_views.py: Error [ExecutiveReportGenerateView]: unable to guess serializer. This is graceful fallback handling for APIViews. Consider using GenericAPIView as view base class, if view is under your control. Either way you may want to add a serializer_class (or method). Ignoring view for now.
?: (drf_spectacular.W002) /home/ubuntu/tadgeeg-main-merge/apps/reports/document_views.py: Error [ExecutiveReportHTMLView]: unable to guess serializer. This is graceful fallback handling for APIViews. Consider using GenericAPIView as view base class, if view is under your control. Either way you may want to add a serializer_class (or method). Ignoring view for now.
?: (drf_spectacular.W002) /home/ubuntu/tadgeeg-main-merge/apps/reports/document_views.py: Error [ExecutiveReportLatestView]: unable to guess serializer. This is graceful fallback handling for APIViews. Consider using GenericAPIView as view base class, if view is under your control. Either way you may want to add a serializer_class (or method). Ignoring view for now.
?: (drf_spectacular.W002) /home/ubuntu/tadgeeg-main-merge/apps/reports/document_views.py: Error [ExecutiveReportPDFView]: unable to guess serializer. This is graceful fallback handling for APIViews. Consider using GenericAPIView as view base class, if view is under your control. Either way you may want to add a serializer_class (or method). Ignoring view for now.
?: (drf_spectacular.W002) /home/ubuntu/tadgeeg-main-merge/apps/reports/document_views.py: Error [ReportSchemaView]: unable to guess serializer. This is graceful fallback handling for APIViews. Consider using GenericAPIView as view base class, if view is under your control. Either way you may want to add a serializer_class (or method). Ignoring view for now.
?: (drf_spectacular.W002) /home/ubuntu/tadgeeg-main-merge/apps/reports/document_views.py: Error [ReportWidgetsView]: unable to guess serializer. This is graceful fallback handling for APIViews. Consider using GenericAPIView as view base class, if view is under your control. Either way you may want to add a serializer_class (or method). Ignoring view for now.
?: (drf_spectacular.W002) /home/ubuntu/tadgeeg-main-merge/apps/reports/invoice_report_views.py: Error [ComplianceEngineView]: unable to guess serializer. This is graceful fallback handling for APIViews. Consider using GenericAPIView as view base class, if view is under your control. Either way you may want to add a serializer_class (or method). Ignoring view for now.
?: (drf_spectacular.W002) /home/ubuntu/tadgeeg-main-merge/apps/reports/invoice_report_views.py: Error [FailedRulesView]: unable to guess serializer. This is graceful fallback handling for APIViews. Consider using GenericAPIView as view base class, if view is under your control. Either way you may want to add a serializer_class (or method). Ignoring view for now.
?: (drf_spectacular.W002) /home/ubuntu/tadgeeg-main-merge/apps/reports/invoice_report_views.py: Error [HighRiskInvoicesView]: unable to guess serializer. This is graceful fallback handling for APIViews. Consider using GenericAPIView as view base class, if view is under your control. Either way you may want to add a serializer_class (or method). Ignoring view for now.
?: (drf_spectacular.W002) /home/ubuntu/tadgeeg-main-merge/apps/reports/invoice_report_views.py: Error [InvoiceAuditReportDetailView]: unable to guess serializer. This is graceful fallback handling for APIViews. Consider using GenericAPIView as view base class, if view is under your control. Either way you may want to add a serializer_class (or method). Ignoring view for now.
?: (drf_spectacular.W002) /home/ubuntu/tadgeeg-main-merge/apps/reports/invoice_report_views.py: Error [InvoiceAuditReportGenerateView]: unable to guess serializer. This is graceful fallback handling for APIViews. Consider using GenericAPIView as view base class, if view is under your control. Either way you may want to add a serializer_class (or method). Ignoring view for now.
?: (drf_spectacular.W002) /home/ubuntu/tadgeeg-main-merge/apps/reports/invoice_report_views.py: Error [InvoiceAuditReportHTMLView]: unable to guess serializer. This is graceful fallback handling for APIViews. Consider using GenericAPIView as view base class, if view is under your control. Either way you may want to add a serializer_class (or method). Ignoring view for now.
?: (drf_spectacular.W002) /home/ubuntu/tadgeeg-main-merge/apps/reports/invoice_report_views.py: Error [InvoiceAuditReportPDFView]: unable to guess serializer. This is graceful fallback handling for APIViews. Consider using GenericAPIView as view base class, if view is under your control. Either way you may want to add a serializer_class (or method). Ignoring view for now.
?: (drf_spectacular.W002) /home/ubuntu/tadgeeg-main-merge/apps/reports/invoice_report_views.py: Error [SupplierAnalysisView]: unable to guess serializer. This is graceful fallback handling for APIViews. Consider using GenericAPIView as view base class, if view is under your control. Either way you may want to add a serializer_class (or method). Ignoring view for now.
?: (drf_spectacular.W002) /home/ubuntu/tadgeeg-main-merge/apps/reports/views.py: Error [BalanceSheetReportView]: unable to guess serializer. This is graceful fallback handling for APIViews. Consider using GenericAPIView as view base class, if view is under your control. Either way you may want to add a serializer_class (or method). Ignoring view for now.
?: (drf_spectacular.W002) /home/ubuntu/tadgeeg-main-merge/apps/reports/views.py: Error [GenerateAuditReportView]: unable to guess serializer. This is graceful fallback handling for APIViews. Consider using GenericAPIView as view base class, if view is under your control. Either way you may want to add a serializer_class (or method). Ignoring view for now.
?: (drf_spectacular.W002) /home/ubuntu/tadgeeg-main-merge/apps/reports/views.py: Error [InvoiceAuditReportView]: unable to guess serializer. This is graceful fallback handling for APIViews. Consider using GenericAPIView as view base class, if view is under your control. Either way you may want to add a serializer_class (or method). Ignoring view for now.
?: (drf_spectacular.W002) /home/ubuntu/tadgeeg-main-merge/apps/reports/views.py: Error [ProfitAndLossReportView]: unable to guess serializer. This is graceful fallback handling for APIViews. Consider using GenericAPIView as view base class, if view is under your control. Either way you may want to add a serializer_class (or method). Ignoring view for now.
?: (drf_spectacular.W002) /home/ubuntu/tadgeeg-main-merge/apps/reports/views.py: Error [ReportDetailView]: unable to guess serializer. This is graceful fallback handling for APIViews. Consider using GenericAPIView as view base class, if view is under your control. Either way you may want to add a serializer_class (or method). Ignoring view for now.
?: (drf_spectacular.W002) /home/ubuntu/tadgeeg-main-merge/apps/reports/views.py: Error [ReportEmailView]: unable to guess serializer. This is graceful fallback handling for APIViews. Consider using GenericAPIView as view base class, if view is under your control. Either way you may want to add a serializer_class (or method). Ignoring view for now.
?: (drf_spectacular.W002) /home/ubuntu/tadgeeg-main-merge/apps/reports/views.py: Error [ReportExcelExportView]: unable to guess serializer. This is graceful fallback handling for APIViews. Consider using GenericAPIView as view base class, if view is under your control. Either way you may want to add a serializer_class (or method). Ignoring view for now.
?: (drf_spectacular.W002) /home/ubuntu/tadgeeg-main-merge/apps/reports/views.py: Error [ReportExportView]: unable to guess serializer. This is graceful fallback handling for APIViews. Consider using GenericAPIView as view base class, if view is under your control. Either way you may want to add a serializer_class (or method). Ignoring view for now.
?: (drf_spectacular.W002) /home/ubuntu/tadgeeg-main-merge/apps/reports/views.py: Error [ReportListView]: unable to guess serializer. This is graceful fallback handling for APIViews. Consider using GenericAPIView as view base class, if view is under your control. Either way you may want to add a serializer_class (or method). Ignoring view for now.
?: (drf_spectacular.W002) /home/ubuntu/tadgeeg-main-merge/apps/reports/views.py: Error [ReportPDFAsyncView]: unable to guess serializer. This is graceful fallback handling for APIViews. Consider using GenericAPIView as view base class, if view is under your control. Either way you may want to add a serializer_class (or method). Ignoring view for now.
?: (drf_spectacular.W002) /home/ubuntu/tadgeeg-main-merge/apps/reports/views.py: Error [ReportPDFStatusView]: unable to guess serializer. This is graceful fallback handling for APIViews. Consider using GenericAPIView as view base class, if view is under your control. Either way you may want to add a serializer_class (or method). Ignoring view for now.
?: (drf_spectacular.W002) /home/ubuntu/tadgeeg-main-merge/apps/reports/views.py: Error [ReportPDFView]: unable to guess serializer. This is graceful fallback handling for APIViews. Consider using GenericAPIView as view base class, if view is under your control. Either way you may want to add a serializer_class (or method). Ignoring view for now.
?: (drf_spectacular.W002) /home/ubuntu/tadgeeg-main-merge/apps/reports/views.py: Error [ThreeWayMatchReportView]: unable to guess serializer. This is graceful fallback handling for APIViews. Consider using GenericAPIView as view base class, if view is under your control. Either way you may want to add a serializer_class (or method). Ignoring view for now.
?: (drf_spectacular.W002) /home/ubuntu/tadgeeg-main-merge/apps/reports/views.py: Error [ValidationRulesSummaryReportView]: unable to guess serializer. This is graceful fallback handling for APIViews. Consider using GenericAPIView as view base class, if view is under your control. Either way you may want to add a serializer_class (or method). Ignoring view for now.
?: (drf_spectacular.W002) /home/ubuntu/tadgeeg-main-merge/apps/rule_engine/api/views.py: Error [canonical_cross_query]: unable to guess serializer. This is graceful fallback handling for APIViews. Consider using GenericAPIView as view base class, if view is under your control. Either way you may want to add a serializer_class (or method). Ignoring view for now.
?: (drf_spectacular.W002) /home/ubuntu/tadgeeg-main-merge/apps/rule_engine/api/views.py: Error [canonical_data_view]: unable to guess serializer. This is graceful fallback handling for APIViews. Consider using GenericAPIView as view base class, if view is under your control. Either way you may want to add a serializer_class (or method). Ignoring view for now.
?: (drf_spectacular.W002) /home/ubuntu/tadgeeg-main-merge/apps/rule_engine/api/views.py: Error [top_failed_rules]: unable to guess serializer. This is graceful fallback handling for APIViews. Consider using GenericAPIView as view base class, if view is under your control. Either way you may want to add a serializer_class (or method). Ignoring view for now.
?: (drf_spectacular.W002) /home/ubuntu/tadgeeg-main-merge/apps/rule_engine/api/views.py: Error [trigger_audit]: unable to guess serializer. This is graceful fallback handling for APIViews. Consider using GenericAPIView as view base class, if view is under your control. Either way you may want to add a serializer_class (or method). Ignoring view for now.
?: (drf_spectacular.W002) /home/ubuntu/tadgeeg-main-merge/apps/transactions/views.py: Error [BulkImportView]: unable to guess serializer. This is graceful fallback handling for APIViews. Consider using GenericAPIView as view base class, if view is under your control. Either way you may want to add a serializer_class (or method). Ignoring view for now.
?: (drf_spectacular.W002) /home/ubuntu/tadgeeg-main-merge/apps/transactions/views.py: Error [TransactionStatsView]: unable to guess serializer. This is graceful fallback handling for APIViews. Consider using GenericAPIView as view base class, if view is under your control. Either way you may want to add a serializer_class (or method). Ignoring view for now.
?: (drf_spectacular.W002) /home/ubuntu/tadgeeg-main-merge/apps/webhooks/views.py: Error [WebhookDeliveryListView]: exception raised while getting serializer. Hint: Is get_serializer_class() returning None or is get_queryset() not working without a request? Ignoring the view for now. (Exception: 'WebhookDeliveryListView' should either include a `serializer_class` attribute, or override the `get_serializer_class()` method.)
?: (drf_spectacular.W002) /home/ubuntu/tadgeeg-main-merge/apps/webhooks/views.py: Error [WebhookTestView]: unable to guess serializer. This is graceful fallback handling for APIViews. Consider using GenericAPIView as view base class, if view is under your control. Either way you may want to add a serializer_class (or method). Ignoring view for now.
?: (drf_spectacular.W002) /home/ubuntu/tadgeeg-main-merge/apps/zatca/views.py: Error [ComplianceDashboardView]: unable to guess serializer. This is graceful fallback handling for APIViews. Consider using GenericAPIView as view base class, if view is under your control. Either way you may want to add a serializer_class (or method). Ignoring view for now.
?: (drf_spectacular.W002) /home/ubuntu/tadgeeg-main-merge/apps/zatca/views.py: Error [DeviceListCreateView]: unable to guess serializer. This is graceful fallback handling for APIViews. Consider using GenericAPIView as view base class, if view is under your control. Either way you may want to add a serializer_class (or method). Ignoring view for now.
?: (drf_spectacular.W002) /home/ubuntu/tadgeeg-main-merge/apps/zatca/views.py: Error [DeviceRenewView]: unable to guess serializer. This is graceful fallback handling for APIViews. Consider using GenericAPIView as view base class, if view is under your control. Either way you may want to add a serializer_class (or method). Ignoring view for now.
?: (drf_spectacular.W002) /home/ubuntu/tadgeeg-main-merge/apps/zatca/views.py: Error [SubmissionListView]: unable to guess serializer. This is graceful fallback handling for APIViews. Consider using GenericAPIView as view base class, if view is under your control. Either way you may want to add a serializer_class (or method). Ignoring view for now.
?: (drf_spectacular.W002) /home/ubuntu/tadgeeg-main-merge/apps/zatca/views.py: Error [SubmitInvoiceView]: unable to guess serializer. This is graceful fallback handling for APIViews. Consider using GenericAPIView as view base class, if view is under your control. Either way you may want to add a serializer_class (or method). Ignoring view for now.
?: (drf_spectacular.W002) /home/ubuntu/tadgeeg-main-merge/core/health_check_views.py: Error [ExtendedHealthView]: unable to guess serializer. This is graceful fallback handling for APIViews. Consider using GenericAPIView as view base class, if view is under your control. Either way you may want to add a serializer_class (or method). Ignoring view for now.
?: (drf_spectacular.W002) /home/ubuntu/tadgeeg-main-merge/core/health_check_views.py: Error [FullHealthCheckView]: unable to guess serializer. This is graceful fallback handling for APIViews. Consider using GenericAPIView as view base class, if view is under your control. Either way you may want to add a serializer_class (or method). Ignoring view for now.
?: (drf_spectacular.W002) /home/ubuntu/tadgeeg-main-merge/core/health_check_views.py: Error [HealthCheckView]: unable to guess serializer. This is graceful fallback handling for APIViews. Consider using GenericAPIView as view base class, if view is under your control. Either way you may want to add a serializer_class (or method). Ignoring view for now.
?: (drf_spectacular.W002) /home/ubuntu/tadgeeg-main-merge/core/health_check_views.py: Error [OpenAIHealthView]: unable to guess serializer. This is graceful fallback handling for APIViews. Consider using GenericAPIView as view base class, if view is under your control. Either way you may want to add a serializer_class (or method). Ignoring view for now.
?: (drf_spectacular.W002) /home/ubuntu/tadgeeg-main-merge/core/health_check_views.py: Error [PipelineStatusView]: unable to guess serializer. This is graceful fallback handling for APIViews. Consider using GenericAPIView as view base class, if view is under your control. Either way you may want to add a serializer_class (or method). Ignoring view for now.
?: (security.W009) Your SECRET_KEY has less than 50 characters, less than 5 unique characters, or it's prefixed with 'django-insecure-' indicating that it was generated automatically by Django. Please generate a long and random value, otherwise many of Django's security-critical features will be vulnerable to attack.

System check identified 463 issues (0 silenced).
